x,u
-1,1.22464679915e-16
-0.994936708861,0.0566044394438
-0.989873417722,0.0624307533066
-0.984810126582,0.0464929835915
-0.979746835443,0.0262726917313
-0.974683544304,0.0111445875073
-0.969620253165,0.00501528494541
-0.964556962025,0.00831853741844
-0.959493670886,0.019488679561
-0.954430379747,0.0360153480042
-0.949367088608,0.0551664470751
-0.944303797468,0.0744524110992
-0.939240506329,0.091892786492
-0.93417721519,0.106135755051
-0.929113924051,0.116472225028
-0.924050632911,0.122778342819
-0.918987341772,0.125413568468
-0.913924050633,0.125095680114
-0.908860759494,0.122769113769
-0.903797468354,0.119478810494
-0.898734177215,0.116258151818
-0.893670886076,0.1140365468
-0.888607594937,0.113569729873
-0.883544303797,0.115393784819
-0.878481012658,0.119802279739
-0.873417721519,0.126844638241
-0.86835443038,0.136342944428
-0.863291139241,0.147923747316
-0.858227848101,0.161061060078
-0.853164556962,0.175126608436
-0.848101265823,0.189443439444
-0.843037974684,0.203339226715
-0.837974683544,0.216195971671
-0.832911392405,0.227493274307
-0.827848101266,0.236842904034
-0.822784810127,0.244013014927
-0.817721518987,0.248940994955
-0.812658227848,0.251734591524
-0.807594936709,0.252661593166
-0.80253164557,0.252128948499
-0.79746835443,0.250652749035
-0.792405063291,0.248820974683
-0.787341772152,0.247251284139
-0.782278481013,0.246546413459
-0.777215189873,0.247249913991
-0.772151898734,0.249805006759
-0.767088607595,0.254519248691
-0.762025316456,0.26153749354
-0.756962025316,0.270825287154
-0.751898734177,0.282164366286
-0.746835443038,0.295161339445
-0.741772151899,0.309269928489
-0.736708860759,0.323826356319
-0.73164556962,0.338096599785
-0.726582278481,0.351333314059
-0.721518987342,0.362839308219
-0.716455696203,0.372033551903
-0.711392405063,0.378514868894
-0.706329113924,0.382117784374
-0.701265822785,0.382954509469
-0.696202531646,0.381436854033
-0.691139240506,0.378272056885
-0.686075949367,0.374427230939
-0.681012658228,0.371058479076
-0.675949367089,0.369402910443
-0.670886075949,0.37063496996
-0.66582278481,0.375692912848
-0.660759493671,0.385087175744
-0.655696202532,0.398710124386
-0.650632911392,0.415676552423
-0.645569620253,0.434236780396
-0.640506329114,0.451819735897
-0.635443037975,0.465282535007
-0.630379746835,0.471466462456
-0.625316455696,0.468187585782
-0.620253164557,0.455824362118
-0.615189873418,0.439705444257
-0.610126582278,0.433549532405
-0.605063291139,0.464266758254
-0.6,0.578499095027
-0.6,0.578499095027
-0.594936708861,0.514543898904
-0.589873417722,0.495008871925
-0.584810126582,0.500881945475
-0.579746835443,0.518862588086
-0.574683544304,0.540123325314
-0.569620253165,0.559284843583
-0.564556962025,0.573559657111
-0.559493670886,0.582034921368
-0.554430379747,0.585075168801
-0.549367088608,0.583831954215
-0.544303797468,0.579850780501
-0.539240506329,0.574767143418
-0.53417721519,0.570083796872
-0.529113924051,0.567020936225
-0.524050632911,0.566430322615
-0.518987341772,0.568763704724
-0.513924050633,0.574085418965
-0.508860759494,0.58211887214
-0.503797468354,0.592316780112
-0.498734177215,0.603945555411
-0.493670886076,0.616175076571
-0.488607594937,0.628166180987
-0.483544303797,0.639149535953
-0.478481012658,0.648490987431
-0.473417721519,0.655739989961
-0.46835443038,0.660659213959
-0.463291139241,0.663234845032
-0.458227848101,0.663668378831
-0.453164556962,0.662351829761
-0.448101265823,0.659829178543
-0.443037974684,0.656747559668
-0.437974683544,0.653802123166
-0.432911392405,0.651678694585
-0.427848101266,0.650998310333
-0.422784810127,0.652267439085
-0.417721518987,0.655837237146
-0.412658227848,0.661874555943
-0.407594936709,0.670346657348
-0.40253164557,0.681020734556
-0.39746835443,0.693478422815
-0.392405063291,0.707144555935
-0.387341772152,0.72132852247
-0.382278481013,0.735275739896
-0.377215189873,0.74822603466
-0.372151898734,0.75947512723
-0.367088607595,0.768435007503
-0.362025316456,0.774688777284
-0.356962025316,0.778035558495
-0.351898734177,0.778521339239
-0.346835443038,0.776452169625
-0.341772151899,0.772386933506
-0.336708860759,0.76710801084
-0.33164556962,0.761569498168
-0.326582278481,0.756824249618
-0.321518987342,0.753932800893
-0.316455696203,0.753859188533
-0.311392405063,0.757360698551
-0.306329113924,0.764880566573
-0.301265822785,0.776454466076
-0.296202531646,0.791643080583
-0.291139240506,0.809503927405
-0.286075949367,0.82861559102
-0.281012658228,0.847166265891
-0.275949367089,0.863115545888
-0.270886075949,0.87443317012
-0.26582278481,0.879410259075
-0.260759493671,0.877026621471
-0.255696202532,0.867340982632
-0.250632911392,0.851848284186
-0.245569620253,0.833718109345
-0.240506329114,0.817789112962
-0.235443037975,0.810144095708
-0.230379746835,0.817026729516
-0.225316455696,0.842781199911
-0.220253164557,0.886397022643
-0.215189873418,0.936119362746
-0.210126582278,0.961436120479
-0.205063291139,0.901572011338
-0.2,0.649401317645
-0.2,0.649401317645
-0.194936708861,1.10253226789
-0.189873417722,1.20836775305
-0.184810126582,1.15170994292
-0.179746835443,1.04480009589
-0.174683544304,0.949893007971
-0.169620253165,0.895547923328
-0.164556962025,0.888470613218
-0.159493670886,0.922163171473
-0.154430379747,0.983231248729
-0.149367088608,1.05592082315
-0.144303797468,1.1252741174
-0.139240506329,1.17917976855
-0.13417721519,1.20952456447
-0.129113924051,1.21261665275
-0.124050632911,1.18903090427
-0.118987341772,1.14301726596
-0.113924050633,1.08160640507
-0.108860759494,1.01353986037
-0.103797468354,0.948142101876
-0.0987341772152,0.89423847072
-0.0936708860759,0.859205965912
-0.0886075949367,0.848223932481
-0.0835443037975,0.863769943935
-0.0784810126582,0.905383803239
-0.073417721519,0.969700886654
-0.0683544303797,1.0507362123
-0.0632911392405,1.14038364654
-0.0582278481013,1.2290813533
-0.053164556962,1.30658546969
-0.0481012658228,1.36278930832
-0.0430379746835,1.38852512801
-0.0379746835443,1.37628941898
-0.0329113924051,1.32084023767
-0.0278481012658,1.21962574693
-0.0227848101266,1.07301598002
-0.0177215189873,0.884324080818
-0.0126582278481,0.659617966754
-0.00759493670886,0.407337616351
-0.00253164556962,0.137746154525
0.00253164556962,-0.137746154523
0.00759493670886,-0.40733761635
0.0126582278481,-0.659617966752
0.0177215189873,-0.884324080817
0.0227848101266,-1.07301598002
0.0278481012658,-1.21962574693
0.0329113924051,-1.32084023767
0.0379746835443,-1.37628941898
0.0430379746835,-1.38852512801
0.0481012658228,-1.36278930832
0.053164556962,-1.3065854697
0.0582278481013,-1.2290813533
0.0632911392405,-1.14038364654
0.0683544303797,-1.0507362123
0.073417721519,-0.969700886655
0.0784810126582,-0.90538380324
0.0835443037975,-0.863769943936
0.0886075949367,-0.848223932482
0.0936708860759,-0.859205965913
0.0987341772152,-0.89423847072
0.103797468354,-0.948142101876
0.108860759494,-1.01353986037
0.113924050633,-1.08160640507
0.118987341772,-1.14301726596
0.124050632911,-1.18903090427
0.129113924051,-1.21261665275
0.13417721519,-1.20952456447
0.139240506329,-1.17917976855
0.144303797468,-1.1252741174
0.149367088608,-1.05592082315
0.154430379747,-0.98323124873
0.159493670886,-0.922163171474
0.164556962025,-0.88847061322
0.169620253165,-0.895547923329
0.174683544304,-0.949893007972
0.179746835443,-1.04480009589
0.184810126582,-1.15170994293
0.189873417722,-1.20836775305
0.194936708861,-1.10253226789
0.2,-0.649401317648
0.2,-0.649401317648
0.205063291139,-0.901572011338
0.210126582278,-0.961436120478
0.215189873418,-0.936119362745
0.220253164557,-0.886397022642
0.225316455696,-0.842781199911
0.230379746835,-0.817026729517
0.235443037975,-0.810144095708
0.240506329114,-0.817789112963
0.245569620253,-0.833718109346
0.250632911392,-0.851848284186
0.255696202532,-0.867340982632
0.260759493671,-0.877026621471
0.26582278481,-0.879410259075
0.270886075949,-0.87443317012
0.275949367089,-0.863115545888
0.281012658228,-0.847166265891
0.286075949367,-0.82861559102
0.291139240506,-0.809503927405
0.296202531646,-0.791643080583
0.301265822785,-0.776454466076
0.306329113924,-0.764880566573
0.311392405063,-0.757360698552
0.316455696203,-0.753859188534
0.321518987342,-0.753932800893
0.326582278481,-0.756824249618
0.33164556962,-0.761569498168
0.336708860759,-0.76710801084
0.341772151899,-0.772386933506
0.346835443038,-0.776452169625
0.351898734177,-0.778521339239
0.356962025316,-0.778035558494
0.362025316456,-0.774688777283
0.367088607595,-0.768435007503
0.372151898734,-0.75947512723
0.377215189873,-0.74822603466
0.382278481013,-0.735275739895
0.387341772152,-0.72132852247
0.392405063291,-0.707144555935
0.39746835443,-0.693478422815
0.40253164557,-0.681020734556
0.407594936709,-0.670346657348
0.412658227848,-0.661874555944
0.417721518987,-0.655837237146
0.422784810127,-0.652267439086
0.427848101266,-0.650998310333
0.432911392405,-0.651678694585
0.437974683544,-0.653802123166
0.443037974684,-0.656747559668
0.448101265823,-0.659829178543
0.453164556962,-0.66235182976
0.458227848101,-0.663668378831
0.463291139241,-0.663234845032
0.46835443038,-0.660659213959
0.473417721519,-0.65573998996
0.478481012658,-0.648490987431
0.483544303797,-0.639149535953
0.488607594937,-0.628166180987
0.493670886076,-0.616175076571
0.498734177215,-0.603945555411
0.503797468354,-0.592316780112
0.508860759494,-0.58211887214
0.513924050633,-0.574085418965
0.518987341772,-0.568763704724
0.524050632911,-0.566430322615
0.529113924051,-0.567020936225
0.53417721519,-0.570083796872
0.539240506329,-0.574767143418
0.544303797468,-0.579850780501
0.549367088608,-0.583831954214
0.554430379747,-0.5850751688
0.559493670886,-0.582034921368
0.564556962025,-0.57355965711
0.569620253165,-0.559284843582
0.574683544304,-0.540123325314
0.579746835443,-0.518862588086
0.584810126582,-0.500881945475
0.589873417722,-0.495008871925
0.594936708861,-0.514543898904
0.6,-0.578499095027
0.6,-0.578499095027
0.605063291139,-0.464266758254
0.610126582278,-0.433549532405
0.615189873418,-0.439705444257
0.620253164557,-0.455824362118
0.625316455696,-0.468187585782
0.630379746835,-0.471466462456
0.635443037975,-0.465282535007
0.640506329114,-0.451819735897
0.645569620253,-0.434236780396
0.650632911392,-0.415676552423
0.655696202532,-0.398710124386
0.660759493671,-0.385087175744
0.66582278481,-0.375692912848
0.670886075949,-0.37063496996
0.675949367089,-0.369402910443
0.681012658228,-0.371058479076
0.686075949367,-0.37442723094
0.691139240506,-0.378272056885
0.696202531646,-0.381436854033
0.701265822785,-0.382954509469
0.706329113924,-0.382117784373
0.711392405063,-0.378514868894
0.716455696203,-0.372033551903
0.721518987342,-0.362839308218
0.726582278481,-0.351333314059
0.73164556962,-0.338096599785
0.736708860759,-0.323826356319
0.741772151899,-0.309269928489
0.746835443038,-0.295161339445
0.751898734177,-0.282164366286
0.756962025316,-0.270825287154
0.762025316456,-0.26153749354
0.767088607595,-0.254519248691
0.772151898734,-0.249805006759
0.777215189873,-0.247249913991
0.782278481013,-0.246546413459
0.787341772152,-0.247251284139
0.792405063291,-0.248820974683
0.79746835443,-0.250652749035
0.80253164557,-0.252128948499
0.807594936709,-0.252661593166
0.812658227848,-0.251734591523
0.817721518987,-0.248940994955
0.822784810127,-0.244013014926
0.827848101266,-0.236842904034
0.832911392405,-0.227493274306
0.837974683544,-0.216195971671
0.843037974684,-0.203339226715
0.848101265823,-0.189443439444
0.853164556962,-0.175126608436
0.858227848101,-0.161061060078
0.863291139241,-0.147923747316
0.86835443038,-0.136342944428
0.873417721519,-0.126844638241
0.878481012658,-0.119802279739
0.883544303797,-0.115393784819
0.888607594937,-0.113569729873
0.893670886076,-0.1140365468
0.898734177215,-0.116258151818
0.903797468354,-0.119478810494
0.908860759494,-0.122769113769
0.913924050633,-0.125095680114
0.918987341772,-0.125413568468
0.924050632911,-0.122778342818
0.929113924051,-0.116472225028
0.93417721519,-0.106135755051
0.939240506329,-0.0918927864918
0.944303797468,-0.0744524110991
0.949367088608,-0.055166447075
0.954430379747,-0.0360153480042
0.959493670886,-0.0194886795609
0.964556962025,-0.00831853741841
0.969620253165,-0.00501528494535
0.974683544304,-0.0111445875072
0.979746835443,-0.0262726917311
0.984810126582,-0.0464929835912
0.989873417722,-0.0624307533062
0.994936708861,-0.0566044394434
1,-1.22464679915e-16
