x,rho,u,p
0,1,0,1
0.000641025641026,0.999999999992,2.67725103165e-12,0.999999999991
0.00128205128205,0.999999999988,4.22465731292e-12,0.999999999987
0.00192307692308,0.999999999987,5.15654684155e-12,0.999999999985
0.0025641025641,0.999999999987,5.815996937e-12,0.999999999985
0.00320512820513,0.999999999987,6.41711229793e-12,0.999999999985
0.00384615384615,0.999999999988,7.07991701301e-12,0.999999999985
0.00448717948718,0.999999999988,7.8586878664e-12,0.999999999985
0.00512820512821,0.999999999989,8.76451112198e-12,0.999999999984
0.00576923076923,0.999999999988,9.78279981381e-12,0.999999999984
0.00641025641026,0.999999999988,1.08864634132e-11,0.999999999983
0.00705128205128,0.999999999988,1.2045376586e-11,0.999999999982
0.00769230769231,0.999999999987,1.3232748596e-11,0.999999999981
0.00833333333333,0.999999999986,1.44289497552e-11,0.99999999998
0.00897435897436,0.999999999986,1.56233061625e-11,0.999999999979
0.00961538461538,0.999999999985,1.68143288167e-11,0.999999999978
0.0102564102564,0.999999999984,1.80087980331e-11,0.999999999976
0.0108974358974,0.999999999983,1.92200789353e-11,0.999999999975
0.0115384615385,0.999999999983,2.04659986364e-11,0.999999999974
0.0121794871795,0.999999999982,2.17665705687e-11,0.999999999973
0.0128205128205,0.999999999981,2.31418062617e-11,0.999999999971
0.0134615384615,0.99999999998,2.46098097136e-11,0.99999999997
0.0141025641026,0.999999999979,2.61853043423e-11,0.999999999968
0.0147435897436,0.999999999978,2.78786973467e-11,0.999999999966
0.0153846153846,0.999999999977,2.96957411521e-11,0.999999999964
0.0160256410256,0.999999999975,3.16378064537e-11,0.999999999962
0.0166666666667,0.999999999974,3.37027362213e-11,0.99999999996
0.0173076923077,0.999999999973,3.58862048631e-11,0.999999999958
0.0179487179487,0.999999999971,3.81834615985e-11,0.999999999955
0.0185897435897,0.999999999969,4.05912919245e-11,0.999999999953
0.0192307692308,0.999999999968,4.31099859106e-11,0.99999999995
0.0198717948718,0.999999999966,4.5745056894e-11,0.999999999947
0.0205128205128,0.999999999964,4.85084089949e-11,0.999999999944
0.0211538461538,0.999999999962,5.14186067116e-11,0.999999999941
0.0217948717949,0.999999999959,5.44998546992e-11,0.999999999938
0.0224358974359,0.999999999957,5.77792506796e-11,0.999999999934
0.0230769230769,0.999999999954,6.12818292712e-11,0.99999999993
0.0237179487179,0.999999999951,6.5022869373e-11,0.999999999925
0.024358974359,0.999999999949,6.89968925784e-11,0.999999999921
0.025,0.999999999947,7.31627349364e-11,0.999999999918
0.025,0.999999999947,7.31627349364e-11,0.999999999918
0.025641025641,0.999999999943,7.77398667502e-11,0.999999999912
0.0262820512821,0.999999999939,8.24698091762e-11,0.999999999907
0.0269230769231,0.999999999936,8.74178345298e-11,0.999999999901
0.0275641025641,0.999999999932,9.2633455411e-11,0.999999999895
0.0282051282051,0.999999999928,9.81545940009e-11,0.999999999889
0.0288461538462,0.999999999924,1.04011037794e-10,0.999999999882
0.0294871794872,0.999999999919,1.10227261876e-10,0.999999999875
0.0301282051282,0.999999999914,1.16824693546e-10,0.999999999868
0.0307692307692,0.999999999909,1.23823490745e-10,0.99999999986
0.0314102564103,0.999999999904,1.31243901449e-10,0.999999999852
0.0320512820513,0.999999999898,1.39107266864e-10,0.999999999843
0.0326923076923,0.999999999892,1.47436726917e-10,0.999999999834
0.0333333333333,0.999999999886,1.56257682258e-10,0.999999999824
0.0339743589744,0.999999999879,1.65598062614e-10,0.999999999813
0.0346153846154,0.999999999871,1.75488447084e-10,0.999999999802
0.0352564102564,0.999999999864,1.85962077566e-10,0.99999999979
0.0358974358974,0.999999999856,1.97054802256e-10,0.999999999778
0.0365384615385,0.999999999847,2.08804981795e-10,0.999999999765
0.0371794871795,0.999999999838,2.21253386336e-10,0.999999999751
0.0378205128205,0.999999999828,2.34443107488e-10,0.999999999736
0.0384615384615,0.999999999818,2.48419504752e-10,0.99999999972
0.0391025641026,0.999999999807,2.63230201777e-10,0.999999999703
0.0397435897436,0.999999999796,2.7892514341e-10,0.999999999686
0.0403846153846,0.999999999784,2.95556720215e-10,0.999999999667
0.0410256410256,0.999999999771,3.13179962812e-10,0.999999999647
0.0416666666667,0.999999999757,3.31852804061e-10,0.999999999626
0.0423076923077,0.999999999743,3.51636402801e-10,0.999999999604
0.0429487179487,0.999999999727,3.72595518533e-10,0.99999999958
0.0435897435897,0.999999999711,3.94798922114e-10,0.999999999555
0.0442307692308,0.999999999694,4.18319823206e-10,0.999999999529
0.0448717948718,0.999999999676,4.43236290922e-10,0.999999999501
0.0455128205128,0.999999999656,4.69631639751e-10,0.999999999471
0.0461538461538,0.999999999636,4.97594748582e-10,0.99999999944
0.0467948717949,0.999999999614,5.27220276261e-10,0.999999999406
0.0474358974359,0.999999999591,5.58608732854e-10,0.999999999371
0.0480769230769,0.999999999567,5.91866361427e-10,0.999999999334
0.0487179487179,0.999999999541,6.27104780855e-10,0.999999999294
0.049358974359,0.999999999514,6.64440335851e-10,0.999999999252
0.05,0.999999999485,7.03993096066e-10,0.999999999208
0.05,0.999999999485,7.03993096066e-10,0.999999999208
0.050641025641,0.999999999454,7.4590890532e-10,0.99999999916
0.0512820512821,0.999999999422,7.90306137562e-10,0.99999999911
0.0519230769231,0.999999999387,8.37335450352e-10,0.999999999057
0.0525641025641,0.999999999351,8.87155845338e-10,0.999999999001
0.0532051282051,0.999999999312,9.39935134383e-10,0.999999998942
0.0538461538462,0.999999999271,9.9585048175e-10,0.999999998879
0.0544871794872,0.999999999228,1.05508901425e-09,0.999999998812
0.0551282051282,0.999999999182,1.11784849232e-09,0.999999998741
0.0557692307692,0.999999999133,1.1843380359e-09,0.999999998667
0.0564102564103,0.999999999082,1.25477890045e-09,0.999999998587
0.0570512820513,0.999999999027,1.3294052988e-09,0.999999998503
0.0576923076923,0.999999998969,1.40846526641e-09,0.999999998414
0.0583333333333,0.999999998908,1.49222156795e-09,0.99999999832
0.0589743589744,0.999999998843,1.58095264461e-09,0.99999999822
0.0596153846154,0.999999998774,1.67495360241e-09,0.999999998114
0.0602564102564,0.999999998701,1.77453724296e-09,0.999999998002
0.0608974358974,0.999999998624,1.88003513893e-09,0.999999997883
0.0615384615385,0.999999998542,1.9917987579e-09,0.999999997758
0.0621794871795,0.999999998455,2.11020063902e-09,0.999999997624
0.0628205128205,0.999999998364,2.23563562807e-09,0.999999997483
0.0634615384615,0.999999998266,2.36852217757e-09,0.999999997333
0.0641025641026,0.999999998163,2.50930371966e-09,0.999999997175
0.0647435897436,0.999999998054,2.65845012049e-09,0.999999997007
0.0653846153846,0.999999997938,2.81645922586e-09,0.999999996829
0.0660256410256,0.999999997816,2.98385850906e-09,0.999999996641
0.0666666666667,0.999999997686,3.16120683276e-09,0.999999996441
0.0673076923077,0.999999997548,3.34909633786e-09,0.999999996229
0.0679487179487,0.999999997403,3.54815447352e-09,0.999999996005
0.0685897435897,0.999999997248,3.75904618311e-09,0.999999995768
0.0692307692308,0.999999997085,3.98247626255e-09,0.999999995516
0.0698717948718,0.999999996911,4.21919190796e-09,0.99999999525
0.0705128205128,0.999999996728,4.46998547094e-09,0.999999994967
0.0711538461538,0.999999996533,4.73569744083e-09,0.999999994668
0.0717948717949,0.999999996327,5.01721967414e-09,0.999999994351
0.0724358974359,0.999999996109,5.31549889267e-09,0.999999994016
0.0730769230769,0.999999995878,5.6315404727e-09,0.99999999366
0.0737179487179,0.999999995633,5.96641254872e-09,0.999999993283
0.074358974359,0.999999995373,6.32125045635e-09,0.999999992883
0.075,0.999999995098,6.69726153991e-09,0.99999999246
0.075,0.999999995098,6.69726153991e-09,0.99999999246
0.075641025641,0.999999994806,7.09566098532e-09,0.999999992012
0.0762820512821,0.999999994497,7.51786233786e-09,0.999999991536
0.0769230769231,0.99999999417,7.965265519e-09,0.999999991032
0.0775641025641,0.999999993823,8.4393755512e-09,0.999999990499
0.0782051282051,0.999999993456,8.94180202779e-09,0.999999989933
0.0788461538462,0.999999993066,9.47426049094e-09,0.999999989334
0.0794871794872,0.999999992653,1.0038575512e-08,0.999999988699
0.0801282051282,0.999999992216,1.06366852902e-08,0.999999988025
0.0807692307692,0.999999991752,1.12706476065e-08,0.999999987312
0.0814102564103,0.999999991261,1.19426469933e-08,0.999999986555
0.0820512820513,0.99999999074,1.26550029991e-08,0.999999985753
0.0826923076923,0.999999990188,1.34101794522e-08,0.999999984903
0.0833333333333,0.999999989603,1.42107946468e-08,0.999999984002
0.0839743589744,0.999999988983,1.50596323973e-08,0.999999983047
0.0846153846154,0.999999988325,1.59596539294e-08,0.999999982034
0.0852564102564,0.999999987628,1.69140105963e-08,0.99999998096
0.0858974358974,0.999999986889,1.79260574308e-08,0.999999979821
0.0865384615385,0.999999986105,1.89993675671e-08,0.999999978613
0.0871794871795,0.999999985273,2.01377475854e-08,0.999999977332
0.0878205128205,0.999999984392,2.13452538554e-08,0.999999975973
0.0884615384615,0.999999983457,2.26262099776e-08,0.999999974532
0.0891025641026,0.999999982465,2.39852254391e-08,0.999999973003
0.0897435897436,0.999999981414,2.54272156286e-08,0.999999971381
0.0903846153846,0.999999980298,2.69574233692e-08,0.999999969659
0.0910256410256,0.999999979114,2.85814421563e-08,0.999999967832
0.0916666666667,0.999999977857,3.03052413059e-08,0.999999965893
0.0923076923077,0.999999976524,3.21351932395e-08,0.999999963835
0.0929487179487,0.999999975109,3.40781031574e-08,0.99999996165
0.0935897435897,0.999999973607,3.61412413696e-08,0.99999995933
0.0942307692308,0.999999972012,3.83323785771e-08,0.999999956866
0.0948717948718,0.999999970319,4.06598244196e-08,0.999999954249
0.0955128205128,0.99999996852,4.31324696234e-08,0.999999951469
0.0961538461538,0.99999996661,4.57598321091e-08,0.999999948515
0.0967948717949,0.999999964581,4.85521074371e-08,0.999999945376
0.0974358974359,0.999999962425,5.15202239933e-08,0.99999994204
0.0980769230769,0.999999960134,5.46759033366e-08,0.999999938493
0.0987179487179,0.999999957699,5.80317261531e-08,0.999999934723
0.099358974359,0.999999955111,6.16012042833e-08,0.999999930713
0.1,0.99999995236,6.53988593099e-08,0.999999926449
0.1,0.99999995236,6.53988593099e-08,0.999999926449
0.100641025641,0.999999949432,6.94398080401e-08,0.999999921908
0.101282051282,0.999999946316,7.37415535277e-08,0.999999917076
0.101923076923,0.999999943002,7.83214217274e-08,0.999999911933
0.102564102564,0.999999939475,8.31983608511e-08,0.999999906456
0.103205128205,0.99999993572,8.83929552838e-08,0.999999900624
0.103846153846,0.999999931722,9.39274706929e-08,0.999999894411
0.104487179487,0.999999927465,9.9825927877e-08,0.999999887791
0.105128205128,0.99999992293,1.06114203237e-07,0.999999880735
0.105769230769,0.999999918097,1.12820154092e-07,0.999999873211
0.10641025641,0.999999912945,1.19973767416e-07,0.999999865187
0.107051282051,0.999999907452,1.2760733088e-07,0.999999856626
0.107692307692,0.999999901593,1.35755625475e-07,0.999999847489
0.108333333333,0.999999895342,1.44456139284e-07,0.999999837736
0.108974358974,0.999999888671,1.53749302335e-07,0.999999827319
0.109615384615,0.999999881548,1.63678742813e-07,0.999999816192
0.110256410256,0.999999873941,1.7429156523e-07,0.999999804301
0.110897435897,0.999999865814,1.85638651522e-07,0.999999791589
0.111538461538,0.999999857129,1.97774986338e-07,0.999999777996
0.112179487179,0.999999847845,2.10760008182e-07,0.999999763455
0.112820512821,0.999999837916,2.24657988369e-07,0.999999747895
0.113461538462,0.999999827295,2.39538440104e-07,0.999999731239
0.114102564103,0.99999981593,2.5547656035e-07,0.999999713403
0.114743589744,0.999999803763,2.72553707481e-07,0.999999694297
0.115384615385,0.999999790734,2.90857918049e-07,0.999999673822
0.116025641026,0.999999776776,3.10484466346e-07,0.999999651874
0.116666666667,0.999999761819,3.31536470791e-07,0.999999628338
0.117307692308,0.999999745783,3.5412555148e-07,0.999999603089
0.117948717949,0.999999728587,3.78372543621e-07,0.999999575993
0.11858974359,0.999999710137,4.04408271884e-07,0.999999546905
0.119230769231,0.999999690336,4.32374391047e-07,0.999999515666
0.119871794872,0.999999669078,4.62424298669e-07,0.999999482107
0.120512820513,0.999999646246,4.94724125844e-07,0.999999446042
0.121153846154,0.999999621717,5.29453812453e-07,0.999999407271
0.121794871795,0.999999595354,5.66808273645e-07,0.999999365579
0.122435897436,0.999999567013,6.06998664648e-07,0.99999932073
0.123076923077,0.999999536535,6.50253751322e-07,0.999999272473
0.123717948718,0.99999950375,6.96821394237e-07,0.999999220532
0.124358974359,0.999999468476,7.46970154379e-07,0.999999164614
0.125,0.999999430514,8.00991028922e-07,0.999999104399
0.125,0.999999430514,8.00991028922e-07,0.999999104399
0.125641025641,0.999999389625,8.59199525494e-07,0.999999039517
0.126282051282,0.999999345574,9.21940788296e-07,0.999998969589
0.126923076923,0.999999298112,9.89578983541e-07,0.999998894212
0.127564102564,0.999999246967,1.0625112782e-06,0.999998812948
0.128205128205,0.999999191841,1.14116952826e-06,0.999998725321
0.128846153846,0.99999913241,1.22602232152e-06,0.99999863081
0.129487179487,0.999999068323,1.31757736609e-06,0.999998528853
0.130128205128,0.999998999197,1.41638421776e-06,0.99999841884
0.130769230769,0.999998924619,1.52303734227e-06,0.999998300111
0.13141025641,0.999998844141,1.63817951013e-06,0.99999817195
0.132051282051,0.99999875728,1.76250552468e-06,0.999998033586
0.132692307692,0.999998663511,1.89676628584e-06,0.999997884184
0.133333333333,0.999998562269,2.0417731947e-06,0.99999772284
0.133974358974,0.999998452943,2.19840290619e-06,0.99999754858
0.134615384615,0.999998334872,2.36760243954e-06,0.999997360352
0.135256410256,0.999998207343,2.55039465845e-06,0.999997157017
0.135897435897,0.999998069585,2.74788413542e-06,0.999996937349
0.136538461538,0.999997920765,2.96126341667e-06,0.999996700022
0.137179487179,0.999997759985,3.19181970673e-06,0.999996443605
0.137820512821,0.999997586275,3.44094199407e-06,0.999996166555
0.138461538462,0.999997398587,3.71012864112e-06,0.999995867206
0.139102564103,0.99999719579,4.00099546493e-06,0.999995543762
0.139743589744,0.999996976664,4.31528433648e-06,0.999995194288
0.140384615385,0.999996739893,4.65487232939e-06,0.999994816694
0.141025641026,0.999996484057,5.02178145088e-06,0.999994408731
0.141666666667,0.999996207627,5.41818899025e-06,0.999993967976
0.142307692308,0.999995908954,5.84643852245e-06,0.99999349182
0.142948717949,0.999995586262,6.30905160662e-06,0.999992977454
0.14358974359,0.999995237638,6.80874022188e-06,0.999992421856
0.144230769231,0.999994861024,7.34841998491e-06,0.999991821778
0.144871794872,0.999994454208,7.9312241962e-06,0.999991173725
0.145512820513,0.999994014808,8.56051876424e-06,0.999990473945
0.146153846154,0.999993540268,9.23991805911e-06,0.999989718408
0.146794871795,0.999993027841,9.9733017495e-06,0.999988902788
0.147435897436,0.999992474579,1.07648326792e-05,0.999988022445
0.148076923077,0.99999187732,1.16189758421e-05,0.999987072404
0.148717948718,0.999991232672,1.25405185154e-05,0.999986047332
0.149358974359,0.999990537003,1.35345916161e-05,0.999984941519
0.15,0.999989786423,1.46066923449e-05,0.999983748852
0.15,0.999989786423,1.46066923449e-05,0.999983748852
0.150641025641,0.999988976645,1.57627272765e-05,0.999982462665
0.151282051282,0.999988103192,1.7008969339e-05,0.999981075941
0.151923076923,0.999987161276,1.83521552921e-05,0.999979581177
0.152564102564,0.99998614576,1.97994883545e-05,0.999977970335
0.153205128205,0.999985051142,2.1358666757e-05,0.99997623482
0.153846153846,0.999983871534,2.3037913717e-05,0.999974365441
0.154487179487,0.999982600636,2.48460089005e-05,0.999972352378
0.155128205128,0.999981231719,2.67923214315e-05,0.999970185151
0.155769230769,0.999979757594,2.88868445021e-05,0.999967852575
0.15641025641,0.999978170589,3.11402316372e-05,0.999965342722
0.157051282051,0.999976462519,3.35638346587e-05,0.999962642882
0.157692307692,0.999974624658,3.61697433941e-05,0.999959739511
0.158333333333,0.999972647706,3.89708271661e-05,0.99995661819
0.158974358974,0.999970521756,4.19807780992e-05,0.999953263576
0.159615384615,0.999968236261,4.52141562724e-05,0.999949659344
0.160256410256,0.999965779997,4.86864367456e-05,0.999945788143
0.160897435897,0.999963141028,5.24140584797e-05,0.999941631532
0.161538461538,0.999960306661,5.64144751699e-05,0.999937169927
0.162179487179,0.999957263413,6.07062080045e-05,0.999932382538
0.162820512821,0.999953996961,6.53089003597e-05,0.999927247311
0.163461538462,0.999950492105,7.02433744351e-05,0.999921740856
0.164102564103,0.999946732719,7.5531689832e-05,0.999915838388
0.164743589744,0.999942701703,8.11972040702e-05,0.99990951365
0.165384615385,0.999938380939,8.72646350382e-05,0.999902738851
0.166025641026,0.999933751235,9.37601253649e-05,0.999895484584
0.166666666667,0.999928792279,0.000100711308698,0.999887719754
0.167307692308,0.999923482581,0.000108147377871,0.999879411501
0.167948717949,0.999917799421,0.000116099154932,0.999870525116
0.16858974359,0.99991171879,0.000124599163019,0.999861023964
0.169230769231,0.999905215336,0.000133681700029,0.999850869395
0.169871794872,0.999898262298,0.000143382914075,0.999840020659
0.170512820513,0.999890831451,0.000153740880667,0.999828434819
0.171153846154,0.999882893036,0.000164795681587,0.999816066657
0.171794871795,0.999874415703,0.000176589485414,0.999802868582
0.172435897436,0.999865366436,0.000189166629644,0.999788790538
0.173076923077,0.999855710494,0.000202573704344,0.999773779901
0.173717948718,0.999845411333,0.000216859637307,0.999757781388
0.174358974359,0.999834430539,0.000232075780618,0.999740736947
0.175,0.999822727754,0.000248275998588,0.99972258566
0.175,0.999822727754,0.000248275998588,0.99972258566
0.175641025641,0.999810260635,0.000265516711853,0.99970326369
0.176282051282,0.99979698502,0.000283857001931,0.999682704397
0.176923076923,0.999782854189,0.000303358829913,0.999660837564
0.177564102564,0.999767819251,0.000324086979323,0.999637589765
0.178205128205,0.999751829061,0.000346109153519,0.999612884259
0.178846153846,0.999734830136,0.000369496070864,0.99958664087
0.179487179487,0.999716766573,0.000394321557616,0.999558775883
0.180128205128,0.999697579964,0.000420662638491,0.999529201936
0.180769230769,0.999677209321,0.000448599624795,0.999497827908
0.18141025641,0.999655591,0.000478216200055,0.999464558823
0.182051282051,0.99963265862,0.000509599503006,0.999429295751
0.182692307692,0.999608342999,0.000542840207817,0.999391935704
0.183333333333,0.999582572075,0.000578032601395,0.999352371555
0.183974358974,0.999555270847,0.000615274657594,0.999310491937
0.184615384615,0.999526361302,0.000654668108145,0.999266181169
0.185256410256,0.999495762358,0.000696318510092,0.999219319171
0.185897435897,0.999463389804,0.000740335309509,0.999169781387
0.186538461538,0.999429156241,0.000786831901259,0.99911743872
0.187179487179,0.999392971034,0.00083592568452,0.999062157461
0.187820512821,0.999354740259,0.000887738113806,0.999003799236
0.188461538462,0.999314366657,0.00094239474518,0.998942220947
0.189102564103,0.999271749598,0.00100002527733,0.998877274727
0.189743589744,0.999226785036,0.0010607635872,0.998808807902
0.190384615385,0.999179365482,0.00112474775978,0.998736662952
0.191025641026,0.999129379971,0.00119212011166,0.998660677491
0.191666666667,0.999076714041,0.00126302720813,0.998580684241
0.192307692308,0.99902124971,0.00133761987306,0.998496511029
0.192948717949,0.998962865468,0.00141605319157,0.998407980778
0.19358974359,0.998901436265,0.0014984865046,0.998314911515
0.194230769231,0.998836833507,0.0015850833953,0.998217116387
0.194871794872,0.998768925062,0.00167601166639,0.998114403686
0.195512820513,0.99869757527,0.00177144330831,0.998006576881
0.196153846154,0.998622644956,0.00187155445737,0.997893434663
0.196794871795,0.998543991455,0.00197652534345,0.997774771
0.197435897436,0.998461468641,0.00208654022673,0.997650375202
0.198076923077,0.998374926964,0.00220178732268,0.997520031999
0.198717948718,0.998284213495,0.00232245871495,0.997383521629
0.199358974359,0.998189171978,0.00244875025523,0.997240619939
0.2,0.998089642892,0.00258086144961,0.997091098498
0.2,0.998089642892,0.00258086144961,0.997091098498
0.200641025641,0.997985465444,0.00271899530388,0.996934726648
0.201282051282,0.997876472808,0.0028633587146,0.996771266753
0.201923076923,0.9977624968,0.00301416147609,0.996600479033
0.202564102564,0.997643366334,0.00317161662901,0.99642212003
0.203205128205,0.997518907554,0.00333594029275,0.996235942806
0.203846153846,0.997388943965,0.00350735149075,0.996041697151
0.204487179487,0.99725329658,0.00368607196876,0.99583912981
0.205128205128,0.997111784065,0.00387232600577,0.995627984704
0.205769230769,0.996964222907,0.00406634021769,0.995408003184
0.20641025641,0.996810427571,0.00426834335379,0.995178924277
0.207051282051,0.996650210679,0.00447856608587,0.99494048495
0.207692307692,0.996483383185,0.00469724079025,0.994692420385
0.208333333333,0.996309754565,0.00492460132295,0.994434464258
0.208974358974,0.996129133008,0.00516088278791,0.994166349033
0.209615384615,0.995941325616,0.00540632129877,0.993887806255
0.210256410256,0.995746138606,0.00566115373441,0.99359856686
0.210897435897,0.995543377525,0.00592561748853,0.993298361489
0.211538461538,0.995332847459,0.00619995021378,0.992986920802
0.212179487179,0.99511435326,0.00648438956073,0.992663975813
0.212820512821,0.994887699767,0.00677917291228,0.992329258213
0.213461538462,0.994652692035,0.00708453711402,0.991982500708
0.214102564103,0.994409135569,0.007400718201,0.991623437365
0.214743589744,0.994156836563,0.00772795112172,0.991251803948
0.215384615385,0.993895602136,0.00806646945987,0.990867338271
0.216025641026,0.993625240577,0.00841650515458,0.990469780543
0.216666666667,0.993345561589,0.00877828822003,0.990058873722
0.217307692308,0.993056376536,0.00915204646509,0.989634363866
0.217948717949,0.992757498691,0.00953800521402,0.989196000485
0.21858974359,0.992448743487,0.00993638702902,0.988743536891
0.219230769231,0.992129928766,0.0103474114358,0.98827673055
0.219871794872,0.991800875028,0.0107712946527,0.98779534343
0.220512820513,0.991461405684,0.0112082493257,0.987299142344
0.221153846154,0.991111347301,0.0116584842683,0.986787899295
0.221794871795,0.990750529853,0.0121222042096,0.986261391807
0.222435897436,0.990378786965,0.0125996095513,0.985719403265
0.223076923077,0.989995956158,0.0130908961333,0.985161723229
0.223717948718,0.989601879086,0.0135962550122,0.984588147762
0.224358974359,0.989196401775,0.0141158722509,0.983998479734
0.225,0.988779374858,0.0146499287241,0.983392529119
0.225,0.988779374858,0.0146499287241,0.983392529119
0.225641025641,0.988350649997,0.0151986001278,0.982770109465
0.226282051282,0.987910088879,0.0157620557904,0.982131047014
0.226923076923,0.987457556136,0.01634045969,0.981475173612
0.227564102564,0.986992921598,0.0169339697837,0.980802329038
0.228205128205,0.986516060462,0.0175427378474,0.980112361224
0.228846153846,0.986026853449,0.0181669093269,0.979405126448
0.229487179487,0.985525186948,0.0188066232001,0.978680489515
0.230128205128,0.98501095315,0.0194620118514,0.977938323923
0.230769230769,0.984484050169,0.0201332009577,0.977178512003
0.23141025641,0.983944382153,0.0208203093861,0.976400945054
0.232051282051,0.983391859381,0.0215234491042,0.97560552345
0.232692307692,0.982826398352,0.0222427251019,0.974792156738
0.233333333333,0.982247921859,0.022978235326,0.973960763715
0.233974358974,0.981656359053,0.0237300706264,0.973111272493
0.234615384615,0.981051645498,0.0244983147144,0.972243620541
0.235256410256,0.98043372321,0.0252830441336,0.971357754718
0.235897435897,0.979802540691,0.0260843282421,0.970453631284
0.236538461538,0.979158052946,0.0269022292073,0.969531215901
0.237179487179,0.978500221491,0.0277368020115,0.968590483615
0.237820512821,0.977829014356,0.0285880944697,0.967631418821
0.238461538462,0.97714440607,0.0294561472585,0.966654015221
0.239102564103,0.976446377636,0.030340993956,0.965658275757
0.239743589744,0.975734916502,0.0312426610927,0.964644212538
0.240384615385,0.975010016519,0.0321611682125,0.963611846748
0.241025641026,0.974271677881,0.0330965279444,0.962561208544
0.241666666667,0.973519907074,0.0340487460833,0.961492336939
0.242307692308,0.972754716793,0.0350178216808,0.960405279671
0.242948717949,0.971976125867,0.0360037471445,0.959300093062
0.24358974359,0.97118415917,0.0370065083462,0.958176841865
0.244230769231,0.970378847518,0.0380260847373,0.957035599097
0.244871794872,0.969560227564,0.0390624494725,0.955876445862
0.245512820513,0.96872834168,0.0401155695393,0.954699471167
0.246153846154,0.967883237838,0.0411854058948,0.953504771721
0.246794871795,0.967024969472,0.0422719136068,0.952292451733
0.247435897436,0.966153595346,0.0433750420009,0.951062622692
0.248076923077,0.965269179399,0.0444947348104,0.949815403147
0.248717948718,0.9643717906,0.0456309303304,0.948550918474
0.249358974359,0.963461502784,0.0467835615737,0.947269300638
0.25,0.962538394485,0.0479525564289,0.945970687948
0.25,0.962538394485,0.0479525564289,0.945970687948
0.250641025641,0.961602550444,0.0491378375971,0.94465522651
0.251282051282,0.960654057887,0.0503393233294,0.943323066393
0.251923076923,0.959693008897,0.0515569271653,0.941974363912
0.252564102564,0.958719499765,0.0527905581727,0.940609280913
0.253205128205,0.957733630814,0.0540401211289,0.939227984517
0.253846153846,0.956735506226,0.0553055167007,0.937830646867
0.254487179487,0.955725233869,0.0565866416227,0.936417444875
0.255128205128,0.954702925127,0.0578833888741,0.93498855997
0.255769230769,0.953668694729,0.059195647854,0.933544177855
0.25641025641,0.952622660579,0.0605233045551,0.93208448826
0.257051282051,0.951564943596,0.0618662417352,0.9306096847
0.257692307692,0.950495667546,0.0632243390869,0.929119964239
0.258333333333,0.949414958878,0.0645974734055,0.927615527251
0.258974358974,0.948322946569,0.0659855187543,0.926096577194
0.259615384615,0.947219761966,0.0673883466282,0.924563320379
0.260256410256,0.946105538627,0.0688058261143,0.923015965746
0.260897435897,0.944980412171,0.0702378240502,0.921454724645
0.261538461538,0.943844520128,0.0716842051802,0.919879810623
0.262179487179,0.942698001793,0.0731448323079,0.918291439209
0.262820512821,0.941540998074,0.0746195664468,0.91668982771
0.263461538462,0.940373651361,0.0761082669672,0.915075195006
0.264102564103,0.939196105377,0.0776107917405,0.913447761359
0.264743589744,0.938008505046,0.07912699728,0.911807748213
0.265384615385,0.936810996362,0.0806567388787,0.910155378012
0.266025641026,0.935603726252,0.082199870743,0.908490874016
0.266666666667,0.934386842457,0.0837562461234,0.906814460121
0.267307692308,0.933160493401,0.0853257174412,0.905126360692
0.267948717949,0.931924828076,0.0869081364109,0.903426800392
0.26858974359,0.930679995922,0.0885033541595,0.901716004022
0.269230769231,0.929426146711,0.0901112213406,0.899994196367
0.269871794872,0.928163430443,0.0917315882447,0.898261602039
0.270512820513,0.926891997233,0.093364304905,0.89651844534
0.271153846154,0.925611997211,0.0950092211985,0.894764950116
0.271794871795,0.924323580419,0.0966661869417,0.893001339626
0.272435897436,0.923026896719,0.0983350519829,0.89122783641
0.273076923077,0.921722095699,0.100015666287,0.889444662171
0.273717948718,0.920409326583,0.101707880018,0.887652037653
0.274358974359,0.919088738146,0.103411543613,0.885850182529
0.275,0.917760478635,0.105126507853,0.884039315296
0.275,0.917760478635,0.105126507853,0.884039315296
0.275641025641,0.91642469653,0.106852623977,0.882219653974
0.276282051282,0.915081538574,0.108589743873,0.880391414179
0.276923076923,0.913731151227,0.110337719909,0.878554810529
0.277564102564,0.912373680158,0.112096405119,0.876710056111
0.278205128205,0.911009270189,0.113865653255,0.874857362409
0.278846153846,0.909638065235,0.115645318847,0.872996939229
0.279487179487,0.908260208258,0.117435257253,0.871128994637
0.280128205128,0.906875841217,0.11923532471,0.869253734893
0.280769230769,0.905485105018,0.121045378383,0.867371364394
0.28141025641,0.904088139475,0.122865276407,0.865482085618
0.282051282051,0.902685083268,0.124694877929,0.863586099076
0.282692307692,0.901276073902,0.126534043153,0.86168360326
0.283333333333,0.899861247677,0.128382633371,0.859774794606
0.283974358974,0.898440739646,0.130240510998,0.857859867448
0.284615384615,0.897014683592,0.13210753961,0.855939013985
0.285256410256,0.895583211995,0.133983583967,0.854012424246
0.285897435897,0.894146456007,0.135868510044,0.852080286061
0.286538461538,0.892704545428,0.137762185056,0.850142785032
0.287179487179,0.89125760868,0.139664477477,0.848200104514
0.287820512821,0.889805772795,0.141575257067,0.846252425587
0.288461538462,0.888349163389,0.143494394886,0.844299927045
0.289102564103,0.886887904653,0.145421763308,0.842342785374
0.289743589744,0.885422119331,0.147357236042,0.840381174746
0.290384615385,0.883951928719,0.149300688139,0.838415267002
0.291025641026,0.882477452643,0.151251996005,0.836445231652
0.291666666667,0.88099880946,0.153211037409,0.834471235862
0.292307692308,0.879516116047,0.155177691488,0.832493444458
0.292948717949,0.878029487798,0.157151838757,0.830512019923
0.29358974359,0.876539038619,0.15913336111,0.828527122395
0.294230769231,0.875044880929,0.161122141822,0.826538909678
0.294871794872,0.873547125659,0.163118065554,0.824547537242
0.295512820513,0.872045882253,0.165121018349,0.822553158234
0.296153846154,0.870541258673,0.167130887636,0.820555923486
0.296794871795,0.869033361402,0.169147562224,0.818555981528
0.297435897436,0.867522295453,0.171170932305,0.816553478599
0.298076923077,0.866008164373,0.173200889446,0.814548558665
0.298717948718,0.864491070255,0.175237326591,0.812541363433
0.299358974359,0.862971113747,0.177280138054,0.81053203237
0.3,0.861448394064,0.179329219521,0.808520702723
0.3,0.861448394064,0.179329219521,0.808520702723
0.300641025641,0.859923008565,0.181384468079,0.80650750912
0.301282051282,0.858395053592,0.183445782072,0.804492584387
0.301923076923,0.856864623993,0.1855130612,0.802476059098
0.302564102564,0.855331813188,0.187586206493,0.800458061649
0.303205128205,0.853796713182,0.189665120304,0.798438718276
0.303846153846,0.852259414579,0.191749706295,0.796418153084
0.304487179487,0.850720006593,0.193839869425,0.794396488063
0.305128205128,0.849178577066,0.19593551594,0.792373843116
0.305769230769,0.847635212476,0.198036553355,0.790350336078
0.30641025641,0.846089997957,0.200142890447,0.788326082744
0.307051282051,0.84454301731,0.202254437241,0.78630119689
0.307692307692,0.842994353016,0.204371104993,0.784275790296
0.308333333333,0.841444086254,0.206492806182,0.782249972774
0.308974358974,0.839892296913,0.208619454491,0.780223852188
0.309615384615,0.83833906361,0.210750964797,0.778197534482
0.310256410256,0.836784463698,0.212887253155,0.776171123703
0.310897435897,0.835228573291,0.215028236785,0.774144722024
0.311538461538,0.83367146727,0.217173834057,0.772118429773
0.312179487179,0.832113219305,0.219323964474,0.770092345455
0.312820512821,0.830553901865,0.221478548662,0.768066565776
0.313461538462,0.828993586239,0.223637508351,0.766041185672
0.314102564103,0.827432342548,0.22580076636,0.764016298331
0.314743589744,0.82587023976,0.227968246585,0.761991995218
0.315384615385,0.82430734571,0.230139873981,0.759968366104
0.316025641026,0.822743727111,0.232315574546,0.757945499084
0.316666666667,0.821179449574,0.234495275308,0.755923480612
0.317307692308,0.819614577621,0.236678904306,0.753902395516
0.317948717949,0.818049174702,0.238866390578,0.751882327031
0.31858974359,0.816483303212,0.241057664144,0.749863356818
0.319230769231,0.814917024507,0.243252655989,0.747845564995
0.319871794872,0.813350398917,0.245451298049,0.745829030156
0.320512820513,0.811783485767,0.247653523196,0.743813829399
0.321153846154,0.810216343388,0.249859265222,0.741800038352
0.321794871795,0.808649029138,0.252068458822,0.739787731192
0.322435897436,0.807081599412,0.254281039582,0.737776980676
0.323076923077,0.805514109663,0.256496943964,0.73576785816
0.323717948718,0.803946614418,0.258716109287,0.733760433626
0.324358974359,0.802379167288,0.260938473721,0.731754775704
0.325,0.80081182099,0.263163976262,0.729750951697
0.325,0.80081182099,0.263163976262,0.729750951697
0.325641025641,0.799244627319,0.265392556738,0.727749027565
0.326282051282,0.797677637207,0.267624155759,0.725749067993
0.326923076923,0.796110900747,0.269858714722,0.723751136415
0.327564102564,0.794544467192,0.272096175798,0.721755295027
0.328205128205,0.792978384965,0.274336481914,0.719761604803
0.328846153846,0.791412701678,0.276579576741,0.717770125519
0.329487179487,0.789847464142,0.278825404678,0.715780915776
0.330128205128,0.788282718385,0.281073910839,0.713794033017
0.330769230769,0.786718509663,0.283325041041,0.711809533553
0.33141025641,0.785154882475,0.285578741786,0.709827472581
0.332051282051,0.783591880575,0.287834960251,0.707847904201
0.332692307692,0.782029546989,0.290093644274,0.705870881445
0.333333333333,0.780467924022,0.292354742339,0.703896456285
0.333974358974,0.778907053277,0.294618203563,0.701924679663
0.334615384615,0.777346975666,0.296883977687,0.699955601503
0.335256410256,0.775787731419,0.299152015057,0.697989270736
0.335897435897,0.774229360102,0.301422266615,0.696025735311
0.336538461538,0.772671900626,0.303694683887,0.694065042222
0.337179487179,0.771115391261,0.305969218967,0.69210723752
0.337820512821,0.769559869646,0.308245824508,0.690152366331
0.338461538462,0.768005372802,0.310524453708,0.688200472878
0.339102564103,0.766451937144,0.312805060301,0.686251600495
0.339743589744,0.76489959849,0.315087598539,0.684305791644
0.340384615385,0.763348392077,0.317372023185,0.682363087931
0.341025641026,0.761798352569,0.319658289503,0.680423530128
0.341666666667,0.760249514066,0.321946353241,0.678487158181
0.342307692308,0.758701910119,0.324236170622,0.676554011232
0.342948717949,0.757155573741,0.326527698335,0.674624127633
0.34358974359,0.755610537411,0.328820893522,0.672697544962
0.344230769231,0.754066833091,0.331115713767,0.670774300035
0.344871794872,0.752524492236,0.333412117083,0.668854428927
0.345512820513,0.7509835458,0.335710061908,0.66693796698
0.346153846154,0.749444024246,0.338009507086,0.665024948825
0.346794871795,0.747905957561,0.340310411864,0.663115408388
0.347435897436,0.746369375261,0.342612735876,0.66120937891
0.348076923077,0.744834306402,0.344916439135,0.659306892958
0.348717948718,0.743300779587,0.347221482027,0.657407982442
0.349358974359,0.74176882298,0.349527825292,0.655512678622
0.35,0.740238464309,0.351835430022,0.653621012128
0.35,0.740238464309,0.351835430022,0.653621012128
0.350641025641,0.73870973088,0.354144257648,0.651733012967
0.351282051282,0.737182649588,0.356454269929,0.649848710548
0.351923076923,0.735657246917,0.358765428948,0.647968133675
0.352564102564,0.734133548952,0.361077697099,0.646091310571
0.353205128205,0.732611581387,0.363391037076,0.644218268891
0.353846153846,0.731091369537,0.365705411866,0.642349035727
0.354487179487,0.729572938343,0.368020784741,0.640483637629
0.355128205128,0.728056312379,0.370337119246,0.638622100608
0.355769230769,0.726541515863,0.372654379192,0.636764450151
0.35641025641,0.725028572661,0.374972528647,0.634910711234
0.357051282051,0.723517506298,0.377291531929,0.633060908329
0.357692307692,0.722008339964,0.379611353594,0.631215065415
0.358333333333,0.720501096519,0.381931958431,0.629373205993
0.358974358974,0.718995798505,0.38425331145,0.627535353089
0.359615384615,0.717492468148,0.386575377877,0.625701529271
0.360256410256,0.715991127369,0.388898123146,0.623871756656
0.360897435897,0.714491797787,0.391221512888,0.622046056918
0.361538461538,0.712994500731,0.393545512923,0.620224451302
0.362179487179,0.711499257242,0.395870089256,0.618406960628
0.362820512821,0.71000608808,0.398195208066,0.616593605307
0.363461538462,0.708515013735,0.400520835698,0.614784405345
0.364102564103,0.707026054426,0.402846938655,0.612979380351
0.364743589744,0.705539230114,0.405173483594,0.611178549553
0.365384615385,0.704054560505,0.407500437315,0.609381931799
0.366025641026,0.702572065056,0.409827766752,0.607589545569
0.366666666667,0.701091762982,0.412155438971,0.605801408985
0.367307692308,0.69961367326,0.414483421157,0.604017539815
0.367948717949,0.698137814638,0.416811680612,0.602237955485
0.36858974359,0.696664205638,0.419140184742,0.600462673084
0.369230769231,0.695192864562,0.421468901054,0.598691709376
0.369871794872,0.693723809498,0.423797797149,0.596925080802
0.370512820513,0.692257058326,0.426126840711,0.595162803492
0.371153846154,0.690792628722,0.428455999505,0.593404893271
0.371794871795,0.689330538165,0.430785241366,0.591651365667
0.372435897436,0.687870803939,0.433114534195,0.589902235916
0.373076923077,0.686413443142,0.435443845951,0.588157518971
0.373717948718,0.684958472688,0.437773144642,0.58641722951
0.374358974359,0.683505909313,0.440102398323,0.58468138194
0.375,0.682055769582,0.442431575084,0.582949990404
0.375,0.682055769582,0.442431575084,0.582949990404
0.375641025641,0.680608069889,0.444760643047,0.581223068793
0.376282051282,0.679162826471,0.447089570356,0.57950063075
0.376923076923,0.677720055404,0.449418325176,0.577782689671
0.377564102564,0.676279772606,0.451746875683,0.576069258716
0.378205128205,0.674841993849,0.454075190055,0.574360350813
0.378846153846,0.67340673476,0.456403236471,0.57265597867
0.379487179487,0.671974010823,0.458730983099,0.570956154773
0.380128205128,0.670543837389,0.461058398095,0.569260891397
0.380769230769,0.669116229676,0.463385449591,0.567570200611
0.38141025641,0.667691202776,0.465712105694,0.565884094282
0.382051282051,0.666268771655,0.468038334475,0.564202584084
0.382692307692,0.664848951161,0.470364103966,0.562525681501
0.383333333333,0.66343175603,0.472689382154,0.560853397831
0.383974358974,0.662017200881,0.475014136971,0.559185744197
0.384615384615,0.660605300231,0.477338336291,0.557522731546
0.385256410256,0.659196068492,0.479661947926,0.555864370657
0.385897435897,0.657789519976,0.481984939612,0.554210672149
0.386538461538,0.656385668901,0.484307279011,0.55256164648
0.387179487179,0.654984529391,0.486628933701,0.550917303957
0.387820512821,0.653586115485,0.48894987117,0.54927765474
0.388461538462,0.652190441135,0.491270058812,0.547642708844
0.389102564103,0.650797520215,0.493589463917,0.546012476148
0.389743589744,0.649407366519,0.495908053669,0.544386966395
0.390384615385,0.648019993771,0.498225795137,0.542766189203
0.391025641026,0.646635415621,0.500542655273,0.541150154063
0.391666666667,0.645253645656,0.502858600901,0.539538870348
0.392307692308,0.643874697397,0.505173598712,0.537932347314
0.392948717949,0.642498584308,0.507487615263,0.536330594109
0.39358974359,0.641125319794,0.509800616965,0.534733619772
0.394230769231,0.63975491721,0.51211257008,0.533141433243
0.394871794872,0.638387389858,0.514423440715,0.53155404336
0.395512820513,0.637022750995,0.516733194814,0.529971458871
0.396153846154,0.635661013834,0.519041798155,0.528393688433
0.396794871795,0.634302191548,0.521349216344,0.526820740615
0.397435897436,0.632946297273,0.523655414805,0.525252623909
0.398076923077,0.63159334411,0.525960358779,0.523689346724
0.398717948718,0.63024334513,0.528264013315,0.522130917399
0.399358974359,0.628896313373,0.530566343268,0.5205773442
0.4,0.627552261856,0.532867313286,0.519028635329
0.4,0.627552261856,0.532867313286,0.519028635329
0.400641025641,0.626211203579,0.535166887811,0.517484798927
0.401282051282,0.624873151514,0.53746503107,0.515945843072
0.401923076923,0.623538118622,0.53976170707,0.514411775789
0.402564102564,0.622206117848,0.542056879593,0.512882605051
0.403205128205,0.620877162128,0.544350512188,0.511358338782
0.403846153846,0.61955126439,0.546642568166,0.509838984862
0.404487179487,0.618228437555,0.548933010596,0.50832455113
0.405128205128,0.616908694543,0.551221802297,0.506815045386
0.405769230769,0.615592048275,0.553508905832,0.505310475396
0.40641025641,0.614278511673,0.555794283504,0.503810848894
0.407051282051,0.612968097666,0.55807789735,0.502316173586
0.407692307692,0.611660819191,0.560359709135,0.500826457155
0.408333333333,0.610356689194,0.562639680343,0.49934170726
0.408974358974,0.609055720638,0.564917772176,0.497861931541
0.409615384615,0.607757926498,0.567193945549,0.496387137624
0.410256410256,0.606463319769,0.569468161077,0.494917333122
0.410897435897,0.605171913466,0.571740379076,0.493452525638
0.411538461538,0.603883720629,0.574010559556,0.491992722767
0.412179487179,0.602598754322,0.576278662214,0.490537932103
0.412820512821,0.601317027637,0.578544646429,0.489088161238
0.413461538462,0.600038553697,0.580808471256,0.487643417764
0.414102564103,0.598763345657,0.58307009542,0.486203709281
0.414743589744,0.597491416708,0.585329477311,0.484769043393
0.415384615385,0.596222780076,0.587586574981,0.483339427716
0.416025641026,0.59495744903,0.589841346133,0.481914869879
0.416666666667,0.593695436877,0.592093748119,0.480495377525
0.417307692308,0.592436756971,0.594343737934,0.479080958316
0.417948717949,0.591181422709,0.596591272209,0.477671619935
0.41858974359,0.589929447539,0.59883630721,0.476267370085
0.419230769231,0.588680844957,0.601078798825,0.474868216498
0.419871794872,0.587435628513,0.603318702567,0.473474166932
0.420512820513,0.586193811811,0.605555973561,0.472085229176
0.421153846154,0.584955408509,0.607790566545,0.47070141105
0.421794871795,0.583720432326,0.610022435859,0.469322720409
0.422435897436,0.582488897041,0.612251535445,0.467949165147
0.423076923077,0.581260816493,0.614477818838,0.466580753195
0.423717948718,0.580036204588,0.616701239163,0.465217492526
0.424358974359,0.578815075294,0.618921749128,0.463859391157
0.425,0.577597442649,0.621139301021,0.462506457149
0.425,0.577597442649,0.621139301021,0.462506457149
0.425641025641,0.576383320768,0.623353846702,0.461158698619
0.426282051282,0.575172723822,0.625565337603,0.45981612372
0.426923076923,0.573965666064,0.627773724716,0.458478740664
0.427564102564,0.572762161819,0.629978958596,0.457146557715
0.428205128205,0.571562225492,0.632180989349,0.455819583196
0.428846153846,0.570365871562,0.634379766632,0.454497825482
0.429487179487,0.56917311459,0.636575239646,0.453181293011
0.430128205128,0.567983969215,0.638767357135,0.451869994279
0.430769230769,0.566798450162,0.640956067375,0.450563937846
0.43141025641,0.565616572235,0.643141318177,0.449263132334
0.432051282051,0.564438350329,0.645323056875,0.447967586434
0.432692307692,0.56326379942,0.647501230331,0.4466773089
0.433333333333,0.562092934575,0.64967578492,0.445392308557
0.433974358974,0.56092577095,0.651846666535,0.444112594299
0.434615384615,0.55976232379,0.65401382058,0.442838175092
0.435256410256,0.558602608433,0.656177191964,0.441569059975
0.435897435897,0.557446640309,0.658336725099,0.44030525806
0.436538461538,0.556294434941,0.660492363898,0.439046778534
0.437179487179,0.555146007948,0.66264405177,0.437793630662
0.437820512821,0.554001375043,0.664791731614,0.436545823786
0.438461538462,0.552860552039,0.666935345822,0.435303367324
0.439102564103,0.551723554843,0.669074836269,0.434066270777
0.439743589744,0.550590399461,0.671210144318,0.432834543725
0.440384615385,0.549461102,0.673341210807,0.431608195829
0.441025641026,0.548335678664,0.675467976058,0.430387236831
0.441666666667,0.547214145759,0.677590379863,0.429171676559
0.442307692308,0.546096519693,0.679708361493,0.427961524921
0.442948717949,0.544982816971,0.681821859686,0.426756791911
0.44358974359,0.543873054205,0.683930812651,0.425557487607
0.444230769231,0.542767248106,0.686035158066,0.424363622172
0.444871794872,0.541665415486,0.688134833073,0.423175205855
0.445512820513,0.540567573264,0.690229774281,0.42199224899
0.446153846154,0.539473738459,0.692319917761,0.420814761998
0.446794871795,0.538383928192,0.694405199049,0.419642755384
0.447435897436,0.537298159688,0.696485553142,0.418476239741
0.448076923077,0.536216450274,0.698560914499,0.417315225747
0.448717948718,0.535138817381,0.700631217041,0.416159724169
0.449358974359,0.534065278541,0.702696394152,0.415009745857
0.45,0.532995851388,0.704756378678,0.413865301747
0.45,0.532995851388,0.704756378678,0.413865301747
0.450641025641,0.531930553664,0.706811102926,0.412726402867
0.451282051282,0.530869403196,0.708860498673,0.411593060318
0.451923076923,0.529812417922,0.710904497156,0.410465285291
0.452564102564,0.528759615877,0.712943029079,0.409343089062
0.453205128205,0.527711015195,0.714976024615,0.408226482988
0.453846153846,0.526666634109,0.717003413409,0.407115478512
0.454487179487,0.525626490948,0.71902512458,0.406010087154
0.455128205128,0.524590604135,0.721041086721,0.404910320519
0.455769230769,0.523558992189,0.723051227906,0.403816190286
0.45641025641,0.522531673719,0.725055475693,0.402727708217
0.457051282051,0.521508667429,0.727053757125,0.401644886146
0.457692307692,0.520489992107,0.729045998737,0.400567735984
0.458333333333,0.519475666633,0.731032126561,0.399496269717
0.458974358974,0.518465709972,0.733012066127,0.398430499401
0.459615384615,0.51746014117,0.734985742475,0.397370437161
0.460256410256,0.516458979359,0.736953080155,0.396316095194
0.460897435897,0.515462243746,0.738914003238,0.395267485759
0.461538461538,0.514469953619,0.740868435319,0.394224621182
0.462179487179,0.513482128338,0.742816299527,0.393187513849
0.462820512821,0.512498787335,0.744757518532,0.392156176206
0.463461538462,0.511519950111,0.746692014552,0.391130620755
0.464102564103,0.510545636232,0.748619709363,0.390110860052
0.464743589744,0.509575865329,0.750540524309,0.389096906705
0.465384615385,0.50861065709,0.752454380311,0.38808877337
0.466025641026,0.507650031259,0.754361197876,0.387086472746
0.466666666667,0.506694007631,0.756260897109,0.386090017575
0.467307692308,0.50574260605,0.758153397725,0.385099420639
0.467948717949,0.504795846406,0.76003861906,0.38411469475
0.46858974359,0.503853748624,0.761916480083,0.383135852755
0.469230769231,0.502916332669,0.763786899412,0.382162907525
0.469871794872,0.501983618532,0.765649795324,0.381195871957
0.470512820513,0.501055626235,0.76750508577,0.380234758962
0.471153846154,0.500132375817,0.769352688392,0.37927958147
0.471794871795,0.499213887335,0.771192520538,0.378330352418
0.472435897436,0.498300180857,0.773024499276,0.377387084748
0.473076923077,0.497391276453,0.774848541412,0.376449791405
0.473717948718,0.496487194198,0.776664563511,0.375518485325
0.474358974359,0.495587954156,0.778472481908,0.37459317944
0.475,0.494693576383,0.780272212733,0.373673886662
0.475,0.494693576383,0.780272212733,0.373673886662
0.475641025641,0.493804080898,0.78206367193,0.372760619875
0.476282051282,0.492919487715,0.783846775275,0.371853391949
0.476923076923,0.492039816805,0.785621438397,0.370952215712
0.477564102564,0.491165088097,0.787387576799,0.370057103956
0.478205128205,0.490295321475,0.789145105885,0.369168069426
0.478846153846,0.489430536768,0.790893940978,0.368285124815
0.479487179487,0.488570753742,0.792633997348,0.36740828276
0.480128205128,0.487715992091,0.794365190231,0.366537555829
0.480769230769,0.486866271429,0.796087434864,0.36567295652
0.48141025641,0.486021611282,0.797800646499,0.364814497247
0.482051282051,0.48518203108,0.799504740441,0.363962190339
0.482692307692,0.484347550145,0.801199632069,0.36311604803
0.483333333333,0.483518187682,0.802885236865,0.362276082447
0.483974358974,0.482693962772,0.804561470449,0.36144230561
0.484615384615,0.481874894362,0.806228248601,0.360614729414
0.485256410256,0.48106100125,0.807885487297,0.35979336563
0.485897435897,0.480252302081,0.809533102741,0.35897822589
0.486538461538,0.479448815331,0.811171011394,0.358169321679
0.487179487179,0.4786505593,0.81279913001,0.357366664329
0.487820512821,0.477857552096,0.81441737567,0.356570265007
0.488461538462,0.47706981163,0.816025665816,0.355780134703
0.489102564103,0.476287355597,0.817623918286,0.354996284228
0.489743589744,0.475510201469,0.819212051353,0.354218724195
0.490384615385,0.474738366479,0.820789983758,0.353447465016
0.491025641026,0.473971867611,0.822357634753,0.352682516887
0.491666666667,0.473210721585,0.823914924136,0.35192388978
0.492307692308,0.472454944845,0.825461772292,0.35117159343
0.492948717949,0.471704553543,0.826998100231,0.350425637328
0.49358974359,0.470959563527,0.828523829634,0.349686030706
0.494230769231,0.470219990327,0.830038882891,0.348952782525
0.494871794872,0.46948584914,0.831543183142,0.348225901468
0.495512820513,0.468757154815,0.833036654324,0.347505395926
0.496153846154,0.468033921837,0.834519221213,0.346791273984
0.496794871795,0.467316164314,0.835990809468,0.346083543414
0.497435897436,0.466603895959,0.837451345677,0.345382211659
0.498076923077,0.465897130078,0.838900757402,0.344687285822
0.498717948718,0.46519587955,0.840338973228,0.343998772654
0.499358974359,0.464500156815,0.841765922805,0.343316678542
0.5,0.463809973853,0.843181536901,0.342641009496
0.5,0.463809973853,0.843181536901,0.342641009496
0.500641025641,0.463125342107,0.844585747446,0.341971771089
0.501282051282,0.462446272635,0.845978487571,0.341308968573
0.501923076923,0.461772775929,0.847359691682,0.340652606736
0.502564102564,0.461104861946,0.848729295495,0.340002689939
0.503205128205,0.4604425401,0.850087236084,0.339359222096
0.503846153846,0.459785819238,0.851433451932,0.338722206665
0.504487179487,0.459134707624,0.852767882983,0.338091646634
0.505128205128,0.458489212916,0.854090470692,0.337467544503
0.505769230769,0.457849342153,0.855401158077,0.336849902277
0.50641025641,0.457215101732,0.856699889768,0.336238721446
0.507051282051,0.456586497388,0.857986612062,0.335634002976
0.507692307692,0.455963534177,0.859261272973,0.335035747291
0.508333333333,0.455346216453,0.860523822283,0.334443954262
0.508974358974,0.454734547851,0.861774211597,0.33385862319
0.509615384615,0.454128531264,0.86301239439,0.333279752795
0.510256410256,0.453528168823,0.86423832606,0.3327073412
0.510897435897,0.452933461878,0.865451963984,0.332141385918
0.511538461538,0.452344410977,0.866653267562,0.331581883839
0.512179487179,0.451761015844,0.867842198274,0.331028831212
0.512820512821,0.451183275359,0.869018719726,0.330482223636
0.513461538462,0.450611187537,0.870182797704,0.329942056045
0.514102564103,0.450044749507,0.871334400224,0.329408322693
0.514743589744,0.449483957491,0.872473497575,0.32888101714
0.515384615385,0.448928806785,0.873600062378,0.328360132244
0.516025641026,0.448379291733,0.874714069625,0.32784566014
0.516666666667,0.447835405712,0.875815496732,0.327337592234
0.517307692308,0.447297141106,0.876904323584,0.326835919185
0.517948717949,0.446764489291,0.87798053258,0.326340630896
0.51858974359,0.446237440607,0.87904410868,0.325851716501
0.519230769231,0.445715984343,0.880095039448,0.325369164351
0.519871794872,0.445200108714,0.881133315094,0.324892962004
0.520512820513,0.444689800839,0.882158928519,0.324423096213
0.521153846154,0.444185046725,0.883171875353,0.323959552914
0.521794871795,0.443685831243,0.884172153995,0.323502317215
0.522435897436,0.443192138107,0.885159765652,0.323051373388
0.523076923077,0.442703949859,0.886134714377,0.322606704853
0.523717948718,0.442221247844,0.887097007101,0.322168294174
0.524358974359,0.441744012193,0.888046653671,0.321736123045
0.525,0.441272221803,0.888983666877,0.321310172282
0.525,0.441272221803,0.888983666877,0.321310172282
0.525641025641,0.440805854269,0.889908062473,0.320890421778
0.526282051282,0.440344886034,0.890819859212,0.320476850619
0.526923076923,0.439889292188,0.891719078897,0.320069436942
0.527564102564,0.43943904652,0.892605746378,0.319668157976
0.528205128205,0.438994121491,0.893479889586,0.319272990033
0.528846153846,0.438554488228,0.894341539541,0.318883908504
0.529487179487,0.438120116504,0.895190730385,0.318500887857
0.530128205128,0.437690974723,0.896027499384,0.318123901626
0.530769230769,0.437267029908,0.896851886955,0.317752922412
0.53141025641,0.436848247685,0.897663936669,0.317387921878
0.532051282051,0.436434592268,0.898463695263,0.317028870747
0.532692307692,0.43602602645,0.899251212647,0.316675738798
0.533333333333,0.435622511588,0.900026541909,0.316328494866
0.533974358974,0.435224007591,0.900789739313,0.315987106839
0.534615384615,0.434830472912,0.901540864303,0.315651541661
0.535256410256,0.434441864534,0.902279979493,0.315321765331
0.535897435897,0.434058137965,0.903007150668,0.314997742904
0.536538461538,0.433679247225,0.903722446766,0.314679438492
0.537179487179,0.433305144845,0.904425939872,0.314366815271
0.537820512821,0.432935781853,0.905117705201,0.314059835482
0.538461538462,0.432571107775,0.90579782108,0.313758460436
0.539102564103,0.432211070629,0.906466368928,0.31346265052
0.539743589744,0.431855616919,0.907123433229,0.313172365204
0.540384615385,0.431504691634,0.907769101513,0.312887563049
0.541025641026,0.431158238251,0.908403464315,0.312608201713
0.541666666667,0.430816198727,0.909026615155,0.312334237962
0.542307692308,0.430478513508,0.909638650493,0.31206562768
0.542948717949,0.430145121523,0.910239669696,0.311802325881
0.54358974359,0.429815960197,0.910829774992,0.311544286718
0.544230769231,0.429490965443,0.911409071432,0.311291463498
0.544871794872,0.42917007168,0.911977666838,0.311043808695
0.545512820513,0.42885321183,0.912535671755,0.310801273963
0.546153846154,0.42854031733,0.913083199396,0.310563810153
0.546794871795,0.428231318137,0.913620365589,0.31033136733
0.547435897436,0.427926142742,0.914147288717,0.310103894785
0.548076923077,0.427624718178,0.914664089656,0.309881341056
0.548717948718,0.427326970029,0.915170891712,0.309663653945
0.549358974359,0.427032822448,0.915667820554,0.309450780536
0.55,0.426742198163,0.916155004141,0.309242667216
0.55,0.426742198163,0.916155004141,0.309242667216
0.550641025641,0.426455018627,0.916632572649,0.309039259782
0.551282051282,0.426171203724,0.917100658431,0.308840503246
0.551923076923,0.42589067207,0.917559395877,0.308646342064
0.552564102564,0.425613340943,0.918008921371,0.308456720085
0.553205128205,0.425339126304,0.918449373208,0.308271580585
0.553846153846,0.425067942818,0.918880891513,0.308090866283
0.554487179487,0.424799703879,0.919303618155,0.307914519372
0.555128205128,0.424534321638,0.919717696656,0.307742481544
0.555769230769,0.424271707023,0.920123272106,0.307574694018
0.55641025641,0.424011769773,0.920520491068,0.307411097566
0.557051282051,0.423754418467,0.920909501486,0.307251632542
0.557692307692,0.42349956055,0.921290452595,0.307096238914
0.558333333333,0.423247102369,0.921663494818,0.306944856291
0.558974358974,0.422996949207,0.922028779675,0.306797423953
0.559615384615,0.422749005312,0.922386459685,0.306653880885
0.560256410256,0.422503173936,0.922736688263,0.306514165802
0.560897435897,0.422259357373,0.923079619625,0.306378217188
0.561538461538,0.422017456993,0.923415408685,0.306245973322
0.562179487179,0.421777373279,0.923744210956,0.306117372311
0.562820512821,0.421539005873,0.924066182445,0.305992352125
0.563461538462,0.421302253608,0.924381479558,0.305870850625
0.564102564103,0.421067014558,0.92469025899,0.305752805599
0.564743589744,0.42083318607,0.924992677631,0.305638154794
0.565384615385,0.420600664816,0.925288892458,0.305526835945
0.566025641026,0.420369346832,0.925579060436,0.305418786812
0.566666666667,0.420139127561,0.925863338417,0.305313945213
0.567307692308,0.419909901904,0.926141883039,0.305212249049
0.567948717949,0.419681564258,0.926414850622,0.305113636346
0.56858974359,0.419454008571,0.926682397075,0.305018045281
0.569230769231,0.419227128382,0.926944677791,0.304925414215
0.569871794872,0.419000816872,0.927201847555,0.304835681728
0.570512820513,0.418774966916,0.927454060439,0.304748786645
0.571153846154,0.418549471123,0.927701469716,0.304664668072
0.571794871795,0.418324221896,0.927944227759,0.304583265425
0.572435897436,0.418099111474,0.928182485948,0.304504518462
0.573076923077,0.417874031989,0.928416394585,0.304428367309
0.573717948718,0.417648875513,0.928646102798,0.304354752497
0.574358974359,0.417423534112,0.928871758456,0.304283614984
0.575,0.417197899896,0.929093508082,0.304214896192
0.575,0.417197899896,0.929093508082,0.304214896192
0.575641025641,0.416971865103,0.929311496806,0.304148538044
0.576282051282,0.416745322008,0.929525868237,0.304084482905
0.576923076923,0.416518163142,0.929736764382,0.304022673716
0.577564102564,0.416290281281,0.92994432559,0.303963053981
0.578205128205,0.416061569499,0.930148690474,0.303905567788
0.578846153846,0.415831921217,0.930349995837,0.303850159838
0.579487179487,0.415601230254,0.930548376608,0.303796775461
0.580128205128,0.415369390877,0.930743965765,0.303745360642
0.580769230769,0.415136297852,0.930936894279,0.303695862039
0.58141025641,0.414901846495,0.931127291048,0.303648227004
0.582051282051,0.414665932719,0.931315282838,0.303602403602
0.582692307692,0.414428453087,0.931500994229,0.303558340627
0.583333333333,0.414189304861,0.931684547556,0.303515987625
0.583974358974,0.413948386049,0.931866062864,0.303475294902
0.584615384615,0.413705595457,0.932045657857,0.303436213545
0.585256410256,0.413460832735,0.932223447854,0.303398695434
0.585897435897,0.413213998426,0.932399545746,0.303362693255
0.586538461538,0.412964994011,0.932574061954,0.303328160513
0.587179487179,0.412713721961,0.932747104399,0.303295051541
0.587820512821,0.412460085778,0.932918778459,0.303263321512
0.588461538462,0.41220399004,0.933089186947,0.303232926444
0.589102564103,0.41194534045,0.933258430075,0.303203823214
0.589743589744,0.41168404388,0.933426605433,0.303175969557
0.590384615385,0.411420008408,0.933593807963,0.303149324078
0.591025641026,0.41115314337,0.933760129944,0.303123846253
0.591666666667,0.410883359393,0.933925660965,0.303099496433
0.592307692308,0.410610568446,0.934090487922,0.303076235847
0.592948717949,0.41033468387,0.934254694994,0.303054026604
0.59358974359,0.410055620427,0.934418363641,0.303032831691
0.594230769231,0.409773294334,0.934581572594,0.303012614977
0.594871794872,0.409487623305,0.934744397849,0.302993341207
0.595512820513,0.409198526584,0.934906912666,0.302974976003
0.596153846154,0.408905924988,0.935069187568,0.302957485862
0.596794871795,0.40860974094,0.935231290343,0.302940838149
0.597435897436,0.408309898507,0.935393286048,0.302925001095
0.598076923077,0.408006323433,0.935555237017,0.302909943793
0.598717948718,0.407698943176,0.935717202867,0.30289563619
0.599358974359,0.407387686943,0.93587924051,0.302882049084
0.6,0.407072485723,0.936041404162,0.302869154115
0.6,0.407072485723,0.936041404162,0.302869154115
0.600641025641,0.406753272225,0.936203745365,0.302856923696
0.601282051282,0.406429981119,0.936366312989,0.302845331152
0.601923076923,0.406102548871,0.936529153263,0.302834350562
0.602564102564,0.405770913845,0.936692309788,0.302823956813
0.603205128205,0.405435016336,0.93685582356,0.302814125586
0.603846153846,0.405094798587,0.937019732992,0.302804833342
0.604487179487,0.404750204817,0.937184073934,0.302796057312
0.605128205128,0.404401181248,0.937348879701,0.302787775481
0.605769230769,0.40404767612,0.937514181099,0.302779966578
0.60641025641,0.403689639725,0.937680006454,0.302772610059
0.607051282051,0.403327024418,0.937846381637,0.302765686096
0.607692307692,0.402959784646,0.938013330097,0.302759175562
0.608333333333,0.402587876964,0.938180872889,0.302753060018
0.608974358974,0.402211260056,0.938349028709,0.302747321696
0.609615384615,0.401829894756,0.938517813924,0.302741943489
0.610256410256,0.40144374406,0.938687242608,0.302736908932
0.610897435897,0.401052773148,0.938857326572,0.302732202193
0.611538461538,0.400656949396,0.939028075405,0.30272780805
0.612179487179,0.400256242395,0.939199496503,0.302723711883
0.612820512821,0.399850623959,0.939371595112,0.302719899656
0.613461538462,0.39944006814,0.939544374357,0.302716357902
0.614102564103,0.399024551241,0.939717835287,0.302713073707
0.614743589744,0.398604051824,0.939891976908,0.302710034697
0.615384615385,0.39817855072,0.940066796222,0.302707229021
0.616025641026,0.397748031037,0.940242288267,0.302704645333
0.616666666667,0.397312478167,0.940418446155,0.302702272784
0.617307692308,0.396871879791,0.94059526111,0.302700100998
0.617948717949,0.396426225887,0.940772722509,0.302698120064
0.61858974359,0.395975508728,0.940950817922,0.302696320516
0.619230769231,0.395519722891,0.94112953315,0.302694693324
0.619871794872,0.395058865255,0.941308852269,0.302693229872
0.620512820513,0.394592935002,0.941488757666,0.302691921951
0.621153846154,0.394121933618,0.941669230081,0.302690761741
0.621794871795,0.393645864891,0.941850248649,0.3026897418
0.622435897436,0.39316473491,0.94203179094,0.302688855047
0.623076923077,0.392678552061,0.942213832998,0.302688094757
0.623717948718,0.392187327025,0.942396349386,0.302687454541
0.624358974359,0.391691072773,0.94257931322,0.30268692834
0.625,0.391189804559,0.94276269622,0.302686510414
0.625,0.391189804559,0.94276269622,0.302686510414
0.625641025641,0.390683539734,0.942946468734,0.302686195191
0.626282051282,0.390172298166,0.943130599779,0.302685977585
0.626923076923,0.38965610184,0.943315057108,0.302685852688
0.627564102564,0.389134974975,0.943499807228,0.302685815856
0.628205128205,0.38860894401,0.94368481545,0.302685862696
0.628846153846,0.388078037587,0.94387004592,0.30268598906
0.629487179487,0.387542286534,0.944055461668,0.302686191028
0.630128205128,0.387001723849,0.944241024642,0.3026864649
0.630769230769,0.38645638468,0.94442669575,0.302686807187
0.63141025641,0.385906306304,0.944612434904,0.302687214598
0.632051282051,0.385351528106,0.944798201052,0.302687684032
0.632692307692,0.384792091557,0.944983952226,0.302688212571
0.633333333333,0.384228040188,0.945169645575,0.302688797467
0.633974358974,0.383659419568,0.945355237409,0.302689436137
0.634615384615,0.383086277277,0.945540683238,0.302690126151
0.635256410256,0.382508662876,0.945725937808,0.302690865229
0.635897435897,0.381926627882,0.945910955144,0.30269165123
0.636538461538,0.381340225736,0.946095688585,0.302692482142
0.637179487179,0.380749511774,0.946280090828,0.302693356083
0.637820512821,0.380154543193,0.946464113961,0.302694271287
0.638461538462,0.379555379019,0.946647709505,0.302695226098
0.639102564103,0.378952080076,0.946830828451,0.302696218968
0.639743589744,0.378344708944,0.947013421299,0.302697248448
0.640384615385,0.377733329929,0.947195438094,0.30269831318
0.641025641026,0.377118009024,0.947376828464,0.302699411899
0.641666666667,0.376498813869,0.947557541661,0.302700543417
0.642307692308,0.375875813714,0.947737526594,0.302701706628
0.642948717949,0.375249079379,0.947916731868,0.302702900497
0.64358974359,0.374618683212,0.948095105821,0.302704124056
0.644230769231,0.373984699049,0.948272596559,0.302705376404
0.644871794872,0.37334720217,0.948449151997,0.302706656698
0.645512820513,0.372706269256,0.948624719889,0.30270796415
0.646153846154,0.372061978345,0.948799247871,0.302709298028
0.646794871795,0.37141440879,0.948972683492,0.302710657644
0.647435897436,0.370763641211,0.94914497425,0.30271204236
0.648076923077,0.370109757449,0.949316067632,0.30271345158
0.648717948718,0.369452840524,0.949485911142,0.302714884749
0.649358974359,0.368792974584,0.949654452346,0.302716341347
0.65,0.368130244859,0.949821638896,0.302717820896
0.65,0.368130244859,0.949821638896,0.302717820896
0.650641025641,0.367464737562,0.949987418575,0.302719322898
0.651282051282,0.366796539941,0.95015173929,0.302720846928
0.651923076923,0.366125740181,0.950314549174,0.302722392595
0.652564102564,0.365452427345,0.950475796579,0.302723959523
0.653205128205,0.364776691326,0.950635430113,0.302725547354
0.653846153846,0.364098622803,0.950793398669,0.302727155748
0.654487179487,0.363418313189,0.950949651462,0.302728784381
0.655128205128,0.362735854585,0.951104138062,0.302730432947
0.655769230769,0.362051339731,0.951256808422,0.302732101156
0.65641025641,0.361364861954,0.951407612912,0.302733788733
0.657051282051,0.36067651512,0.951556502351,0.302735495416
0.657692307692,0.359986393583,0.951703428033,0.302737220955
0.658333333333,0.359294592135,0.951848341761,0.302738965111
0.658974358974,0.358601205955,0.951991195872,0.302740727656
0.659615384615,0.357906330561,0.952131943269,0.302742508366
0.660256410256,0.357210061759,0.952270537449,0.302744307029
0.660897435897,0.356512495593,0.952406932528,0.302746123435
0.661538461538,0.355813728299,0.952541083271,0.302747957381
0.662179487179,0.355113856252,0.952672945117,0.302749808666
0.662820512821,0.354412975921,0.952802474206,0.302751677094
0.663461538462,0.353711183823,0.952929627404,0.30275356247
0.664102564103,0.353008576471,0.953054362328,0.302755464603
0.664743589744,0.352305250333,0.953176637372,0.302757383304
0.665384615385,0.351601301784,0.953296411729,0.302759318385
0.666025641026,0.35089682706,0.953413645418,0.30276126966
0.666666666667,0.350191922216,0.953528299303,0.302763236948
0.667307692308,0.349486683081,0.953640335115,0.302765220065
0.667948717949,0.348781205212,0.953749715478,0.302767218832
0.66858974359,0.348075583858,0.953856403927,0.302769233073
0.669230769231,0.34736991391,0.953960364929,0.302771262609
0.669871794872,0.346664289865,0.954061563901,0.302773307266
0.670512820513,0.34595880578,0.954159967231,0.302775366866
0.671153846154,0.345253555235,0.954255542296,0.302777441233
0.671794871795,0.344548631289,0.954348257478,0.302779530185
0.672435897436,0.34384412644,0.954438082179,0.302781633534
0.673076923077,0.343140132585,0.954524986841,0.302783751083
0.673717948718,0.342436740977,0.954608942955,0.302785882621
0.674358974359,0.341734042186,0.954689923078,0.302788027917
0.675,0.341032126057,0.954767900845,0.302790186718
0.675,0.341032126057,0.954767900845,0.302790186718
0.675641025641,0.340331082555,0.954842851052,0.302792359522
0.676282051282,0.339630999308,0.954914749517,0.302794545424
0.676923076923,0.338931964069,0.954983573234,0.302796744345
0.677564102564,0.338234063714,0.955049300319,0.302798956159
0.678205128205,0.33753738423,0.955111910021,0.302801180707
0.678846153846,0.336842010701,0.955171382737,0.302803417811
0.679487179487,0.336148027285,0.955227700022,0.302805667279
0.680128205128,0.335455517198,0.955280844603,0.302807928916
0.680769230769,0.334764562691,0.955330800383,0.302810202526
0.68141025641,0.33407524503,0.955377552448,0.302812487913
0.682051282051,0.333387644472,0.955421087079,0.302814784886
0.682692307692,0.332701840244,0.955461391749,0.302817093257
0.683333333333,0.332017910521,0.955498455135,0.30281941284
0.683974358974,0.331335932403,0.955532267112,0.302821743454
0.684615384615,0.330655981897,0.955562818766,0.302824084916
0.685256410256,0.329978133894,0.955590102386,0.302826437046
0.685897435897,0.329302462152,0.955614111472,0.30282879966
0.686538461538,0.32862903928,0.95563484073,0.302831172575
0.687179487179,0.32795793672,0.955652286073,0.302833555604
0.687820512821,0.327289224732,0.955666444625,0.30283594856
0.688461538462,0.326622972381,0.95567731471,0.302838351252
0.689102564103,0.325959247527,0.955684895859,0.30284076349
0.689743589744,0.325298116809,0.955689188802,0.302843185082
0.690384615385,0.324639645644,0.955690195467,0.302845615841
0.691025641026,0.32398389821,0.955687918973,0.302848055579
0.691666666667,0.323330937442,0.955682363629,0.302850504114
0.692307692308,0.322680825028,0.955673534929,0.302852961271
0.692948717949,0.322033621396,0.955661439543,0.30285542688
0.69358974359,0.321389385714,0.95564608531,0.302857900778
0.694230769231,0.320748175879,0.955627481236,0.30286038281
0.694871794872,0.320110048513,0.955605637477,0.30286287282
0.695512820513,0.319475058954,0.955580565335,0.302865370658
0.696153846154,0.318843261247,0.955552277247,0.302867876164
0.696794871795,0.318214708132,0.955520786767,0.302870389167
0.697435897436,0.317589451032,0.95548610856,0.302872909468
0.698076923077,0.316967540034,0.955448258379,0.302875436832
0.698717948718,0.316349023875,0.955407253053,0.302877970963
0.699358974359,0.315733949913,0.955363110465,0.302880511486
0.7,0.315122364101,0.95531584953,0.302883057914
0.7,0.315122364101,0.95531584953,0.302883057914
0.700641025641,0.31451431435,0.955265490452,0.30288561289
0.701282051282,0.313909841489,0.955212054165,0.302888173453
0.701923076923,0.313308988365,0.955155562837,0.302890739857
0.702564102564,0.312711796362,0.955096039595,0.302893312172
0.703205128205,0.312118305464,0.955033508516,0.30289589034
0.703846153846,0.311528554304,0.954967994628,0.302898474226
0.704487179487,0.310942580203,0.954899523901,0.302901063649
0.705128205128,0.310360419205,0.954828123237,0.30290365841
0.705769230769,0.309782106095,0.954753820455,0.302906258306
0.70641025641,0.309207674422,0.954676644277,0.302908863142
0.707051282051,0.308637156502,0.954596624309,0.302911472732
0.707692307692,0.308070583436,0.954513791019,0.302914086903
0.708333333333,0.30750798511,0.95442817572,0.30291670549
0.708974358974,0.3069493902,0.954339810546,0.302919328332
0.709615384615,0.306394826177,0.954248728427,0.302921955268
0.710256410256,0.30584431931,0.954154963069,0.302924586128
0.710897435897,0.305297894674,0.954058548926,0.302927220731
0.711538461538,0.304755576149,0.95395952118,0.302929858876
0.712179487179,0.304217386433,0.953857915715,0.302932500345
0.712820512821,0.303683347048,0.953753769089,0.302935144893
0.713461538462,0.303153478352,0.953647118517,0.302937792252
0.714102564103,0.302627799551,0.95353800184,0.302940442134
0.714743589744,0.302106328711,0.953426457506,0.302943094225
0.715384615385,0.301589082776,0.95331252454,0.302945748197
0.716025641026,0.301076077582,0.953196242528,0.302948403703
0.716666666667,0.300567327874,0.953077651582,0.302951060389
0.717307692308,0.30006284732,0.952956792324,0.302953717889
0.717948717949,0.299562648527,0.952833705856,0.302956375829
0.71858974359,0.299066743052,0.952708433733,0.302959033826
0.719230769231,0.29857514141,0.952581017938,0.302961691484
0.719871794872,0.298087853079,0.952451500848,0.302964348378
0.720512820513,0.297604886496,0.952319925206,0.302967004045
0.721153846154,0.297126249052,0.952186334087,0.302969657953
0.721794871795,0.296651947067,0.952050770857,0.302972309473
0.722435897436,0.296181985766,0.951913279138,0.302974957829
0.723076923077,0.295716369235,0.951773902755,0.302977602046
0.723717948718,0.295255100365,0.951632685694,0.302980240871
0.724358974359,0.294798180777,0.951489672043,0.302982872686
0.725,0.294345610732,0.951344905929,0.302985495401
0.725,0.294345610732,0.951344905929,0.302985495401
0.725641025641,0.293897399185,0.951198432185,0.302988116775
0.726282051282,0.29345353748,0.951050294943,0.302990727283
0.726923076923,0.293014025313,0.950900539009,0.302993326952
0.727564102564,0.292578860914,0.950749209017,0.302995915144
0.728205128205,0.292148041229,0.950596349446,0.302998490731
0.728846153846,0.29172156206,0.950442004614,0.303001052229
0.729487179487,0.291299418171,0.950286218669,0.303003597892
0.730128205128,0.290881603367,0.950129035565,0.303006125785
0.730769230769,0.29046811055,0.949970499034,0.303008633817
0.73141025641,0.290058931752,0.949810652551,0.303011119767
0.732051282051,0.289654058151,0.949649539287,0.303013581281
0.732692307692,0.289253480083,0.949487202064,0.303016015867
0.733333333333,0.288857187037,0.949323683301,0.303018420871
0.733974358974,0.288465167645,0.949159024958,0.303020793452
0.734615384615,0.288077409674,0.948993268476,0.303023130554
0.735256410256,0.287693900009,0.948826454717,0.303025428867
0.735897435897,0.287314624641,0.948658623898,0.303027684805
0.736538461538,0.286939568659,0.948489815525,0.303029894466
0.737179487179,0.286568716232,0.948320068326,0.303032053612
0.737820512821,0.286202050615,0.948149420185,0.303034157638
0.738461538462,0.285839554135,0.947977908069,0.303036201556
0.739102564103,0.2854812082,0.947805567958,0.303038179977
0.739743589744,0.285126993301,0.947632434773,0.303040087093
0.740384615385,0.284776889013,0.9474585423,0.303041916666
0.741025641026,0.28443087401,0.947283923115,0.303043662019
0.741666666667,0.284088926061,0.947108608501,0.303045316016
0.742307692308,0.283751022041,0.946932628368,0.303046871049
0.742948717949,0.283417137922,0.946756011165,0.303048319018
0.74358974359,0.283087248765,0.946578783783,0.303049651291
0.744230769231,0.282761328699,0.946400971462,0.303050858669
0.744871794872,0.282439350885,0.946222597674,0.303051931319
0.745512820513,0.282121287459,0.946043684019,0.303052858699
0.746153846154,0.281807109455,0.945864250085,0.30305362945
0.746794871795,0.281496786705,0.945684313319,0.303054231265
0.747435897436,0.281190287696,0.945503888866,0.303054650716
0.748076923077,0.280887579401,0.945322989402,0.303054873046
0.748717948718,0.28058862706,0.945141624947,0.303054881914
0.749358974359,0.280293393914,0.94495980265,0.303054659083
0.75,0.280001840882,0.944777526563,0.30305418405
0.75,0.280001840882,0.944777526563,0.30305418405
0.750641025641,0.279713952122,0.944594799013,0.303053461647
0.751282051282,0.279429669283,0.94441161763,0.303052450829
0.751923076923,0.279148955246,0.944227978159,0.30305113382
0.752564102564,0.278871770195,0.944043872416,0.303049490031
0.753205128205,0.278598071981,0.9438592882,0.303047496447
0.753846153846,0.278327816393,0.943674209178,0.303045127892
0.754487179487,0.278060957348,0.94348861473,0.303042357212
0.755128205128,0.277797447001,0.94330247977,0.30303915537
0.755769230769,0.277537235798,0.943115774539,0.303035491475
0.75641025641,0.277280272482,0.942928464369,0.303031332758
0.757051282051,0.27702650405,0.942740509424,0.303026644495
0.757692307692,0.276775875685,0.942551864419,0.303021389898
0.758333333333,0.276528330658,0.942362478321,0.303015529975
0.758974358974,0.276283810216,0.942172294024,0.303009023373
0.759615384615,0.276042253453,0.94198124801,0.303001826202
0.760256410256,0.275803597178,0.94178926999,0.302993891849
0.760897435897,0.275567775777,0.941596282527,0.302985170796
0.761538461538,0.275334721079,0.941402200644,0.302975610427
0.762179487179,0.275104362218,0.941206931414,0.302965154839
0.762820512821,0.274876625509,0.94101037353,0.302953744664
0.763461538462,0.274651434314,0.940812416864,0.302941316881
0.764102564103,0.274428708929,0.940612942,0.302927804644
0.764743589744,0.274208366461,0.940411819753,0.302913137102
0.765384615385,0.273990320711,0.940208910666,0.302897239227
0.766025641026,0.273774482056,0.940004064486,0.302880031629
0.766666666667,0.273560757321,0.939797119613,0.30286143037
0.767307692308,0.273349049648,0.939587902529,0.302841346762
0.767948717949,0.273139258334,0.939376227192,0.302819687141
0.76858974359,0.272931278668,0.939161894408,0.30279635262
0.769230769231,0.272725001713,0.938944691154,0.302771238802
0.769871794872,0.27252031407,0.938724389883,0.30274423545
0.770512820513,0.272317097583,0.938500747767,0.302715226099
0.771153846154,0.272115228987,0.938273505912,0.302684087606
0.771794871795,0.271914579491,0.938042388512,0.302650689615
0.772435897436,0.27171501428,0.937807101948,0.302614893935
0.773076923077,0.271516391916,0.93756733383,0.302576553813
0.773717948718,0.271318563642,0.93732275197,0.302535513076
0.774358974359,0.271121372559,0.937073003278,0.302491605147
0.775,0.270924652665,0.936817712584,0.302444651898
0.775,0.270924652665,0.936817712584,0.302444651898
0.775641025641,0.270728280912,0.936556484224,0.302394521584
0.776282051282,0.270532044765,0.936288895734,0.302340981043
0.776923076923,0.270335772388,0.936014504035,0.302283840943
0.777564102564,0.270139280186,0.935732839474,0.302222897076
0.778205128205,0.269942373766,0.935443404763,0.302157931349
0.778846153846,0.26974484861,0.935145673857,0.302088712443
0.779487179487,0.269546490494,0.934839090764,0.302014996196
0.780128205128,0.269347075697,0.934523068295,0.301936525738
0.780769230769,0.26914637103,0.934196986745,0.301853031423
0.78141025641,0.268944133712,0.933860192518,0.301764230593
0.782051282051,0.268740111129,0.93351199668,0.301669827207
0.782692307692,0.268534040499,0.933151673467,0.301569511355
0.783333333333,0.268325648469,0.932778458722,0.301462958706
0.783974358974,0.268114650666,0.932391548294,0.301349829892
0.784615384615,0.267900751225,0.931990096377,0.301229769869
0.785256410256,0.267683642303,0.931573213818,0.301102407268
0.785897435897,0.267463003611,0.931139966374,0.300967353752
0.786538461538,0.267238501963,0.930689372951,0.3008242034
0.787179487179,0.267009790859,0.930220403809,0.300672532131
0.787820512821,0.266776510112,0.92973197875,0.300511897175
0.788461538462,0.266538285526,0.929222965301,0.300341836604
0.789102564103,0.266294728632,0.928692176887,0.300161868926
0.789743589744,0.266045436474,0.928138371018,0.299971492744
0.790384615385,0.265789991461,0.927560247487,0.299770186493
0.791025641026,0.265527961274,0.92695644659,0.299557408237
0.791666666667,0.265258898825,0.926325547388,0.29933259553
0.792307692308,0.264982342262,0.925666066008,0.299095165345
0.792948717949,0.264697815013,0.924976454001,0.298844514042
0.79358974359,0.264404825858,0.924255096768,0.298580017385
0.794230769231,0.264102869019,0.923500312062,0.298301030578
0.794871794872,0.263791424243,0.922710348576,0.298006888314
0.795512820513,0.263469956873,0.921883384639,0.297696904826
0.796153846154,0.263137917886,0.921017527016,0.297370373891
0.796794871795,0.262794743863,0.920110809832,0.297026568804
0.797435897436,0.262439856885,0.919161193635,0.296664742263
0.798076923077,0.262072664319,0.918166564594,0.296284126157
0.798717948718,0.261692558468,0.917124733857,0.295883931221
0.799358974359,0.261298916054,0.916033437066,0.295463346521
0.8,0.260891097504,0.914890334047,0.295021538746
0.8,0.260891097504,0.914890334047,0.295021538746
0.800641025641,0.260468576672,0.91369300745,0.2945577988
0.801282051282,0.260030624809,0.912438997026,0.294071185506
0.801923076923,0.259576591862,0.911125731593,0.293560842415
0.802564102564,0.259105828949,0.909750576884,0.293025911366
0.803205128205,0.258617687786,0.908310835263,0.292465531986
0.803846153846,0.258111520923,0.906803746439,0.29187884218
0.804487179487,0.257586682712,0.905226489138,0.291264979495
0.805128205128,0.257042530914,0.903576183713,0.290623083265
0.805769230769,0.256478428855,0.901849895662,0.289952297453
0.80641025641,0.255893748068,0.900044640029,0.289251774067
0.807051282051,0.255287871343,0.898157386667,0.288520677104
0.807692307692,0.254660196097,0.896185066324,0.287758186905
0.808333333333,0.254010138026,0.894124577543,0.286963504861
0.808974358974,0.253337134952,0.891972794333,0.286135858391
0.809615384615,0.252640650812,0.889726574598,0.285274506118
0.810256410256,0.251920179746,0.887382769288,0.284378743183
0.810897435897,0.251175250205,0.884938232249,0.283447906627
0.811538461538,0.250405429063,0.882389830741,0.282481380795
0.812179487179,0.249610325665,0.879734456596,0.281478602692
0.812820512821,0.248789595773,0.876969037977,0.280439067253
0.813461538462,0.24794294539,0.874090551708,0.279362332483
0.814102564103,0.247070134403,0.871096036136,0.27824802441
0.814743589744,0.246170980045,0.867982604463,0.277095841827
0.815384615385,0.245245360117,0.864747458528,0.275905560791
0.816025641026,0.244293215978,0.861387902951,0.274677038828
0.816666666667,0.243314555271,0.857901359586,0.273410218841
0.817307692308,0.242309454364,0.854285382215,0.272105132689
0.817948717949,0.241278060514,0.850537671384,0.270761904405
0.81858974359,0.24022059373,0.846656089287,0.26938075306
0.819230769231,0.239137348338,0.842638674592,0.26796199524
0.819871794872,0.238028694252,0.838483657076,0.266506047137
0.820512820513,0.23689507795,0.834189471933,0.265013426237
0.821153846154,0.235737023167,0.829754773584,0.263484752615
0.821794871795,0.234555131312,0.825178448822,0.261920749826
0.822435897436,0.233350081633,0.820459629082,0.260322245386
0.823076923077,0.232122631137,0.815597701616,0.258690170867
0.823717948718,0.230873614301,0.810592319329,0.257025561593
0.824358974359,0.229603942595,0.805443409007,0.25532955595
0.825,0.228314603845,0.800151177639,0.253603394327
0.825,0.228314603845,0.800151177639,0.253603394327
0.825641025641,0.227006528527,0.794716122858,0.251848271219
0.826282051282,0.225680932464,0.789139057837,0.250065715456
0.826923076923,0.224338922189,0.78342107728,0.248257150458
0.827564102564,0.222981666598,0.777563573767,0.246424085079
0.828205128205,0.221610387978,0.771568239569,0.244568102961
0.828846153846,0.220226353392,0.765437066222,0.242690852177
0.829487179487,0.218830866414,0.759172342004,0.240794035186
0.830128205128,0.217425259214,0.752776647496,0.238879399101
0.830769230769,0.216010885004,0.746252849346,0.2369487263
0.83141025641,0.214589110828,0.739604092369,0.235003825369
0.832051282051,0.213161310721,0.73283379013,0.233046522413
0.832692307692,0.211728859216,0.725945614117,0.231078652714
0.833333333333,0.210293125208,0.718943481629,0.229102052778
0.833974358974,0.208855466179,0.711831542504,0.227118552754
0.834615384615,0.207417222782,0.704614164807,0.225129969249
0.835256410256,0.205979713778,0.697295919593,0.223138098545
0.835897435897,0.204544231334,0.689881564872,0.221144710218
0.836538461538,0.203112036685,0.682376028897,0.219151541184
0.837179487179,0.201684356147,0.674784392909,0.217160290157
0.837820512821,0.200262377494,0.667111873451,0.215172612548
0.838461538462,0.198847246691,0.659363804393,0.213190115801
0.839102564103,0.197440064989,0.651545618795,0.211214355172
0.839743589744,0.196041886377,0.643662830733,0.209246829962
0.840384615385,0.194653715389,0.635721017213,0.207288980201
0.841025641026,0.193276505272,0.627725800311,0.205342183802
0.841666666667,0.191911156514,0.619682829639,0.20340775417
0.842307692308,0.190558515721,0.611597765262,0.20148693828
0.842948717949,0.189219374856,0.603476261168,0.199580915226
0.84358974359,0.187894470833,0.595323949366,0.197690795229
0.844230769231,0.186584485459,0.587146424714,0.195817619108
0.844871794872,0.185290045737,0.578949230504,0.193962358221
0.845512820513,0.184011724517,0.570737844862,0.192125914843
0.846153846154,0.182750041502,0.562517667973,0.190309122995
0.846794871795,0.181505464596,0.554294010096,0.188512749705
0.847435897436,0.18027841161,0.546072080353,0.186737496682
0.848076923077,0.179069252309,0.537856976188,0.184984002387
0.848717948718,0.17787831081,0.529653673388,0.183252844492
0.849358974359,0.176705868316,0.521467016511,0.181544542683
0.85,0.175552166203,0.51330170951,0.179859561798
0.85,0.175552166203,0.51330170951,0.179859561798
0.850641025641,0.174417416019,0.505162332731,0.178198322939
0.851282051282,0.173301765096,0.49705330222,0.176561167438
0.851923076923,0.172205330391,0.488978889254,0.174948392912
0.852564102564,0.17112819344,0.48094320562,0.173360247785
0.853205128205,0.170070402504,0.472950201113,0.171796933844
0.853846153846,0.169031974641,0.465003661569,0.170258608733
0.854487179487,0.168012897716,0.457107207432,0.168745388388
0.855128205128,0.167013132345,0.449264292855,0.167257349411
0.855769230769,0.166032613767,0.441478205302,0.165794531377
0.85641025641,0.165071253654,0.433752065659,0.164356939081
0.857051282051,0.164128941861,0.426088828816,0.162944544723
0.857692307692,0.163205548098,0.418491284708,0.161557290028
0.858333333333,0.162300923555,0.41096205979,0.160195088304
0.858974358974,0.161414902449,0.40350361891,0.158857826427
0.859615384615,0.160547303515,0.396118267573,0.157545366771
0.860256410256,0.159697931435,0.388808154534,0.156257549063
0.860897435897,0.158866578198,0.381575274726,0.154994192171
0.861538461538,0.158053024409,0.374421472459,0.153755095828
0.862179487179,0.157257040522,0.367348444872,0.152540042274
0.862820512821,0.156478388027,0.360357745615,0.151348797846
0.863461538462,0.155716820561,0.353450788704,0.150181114475
0.864102564103,0.15497208497,0.34662885254,0.149036731128
0.864743589744,0.154243922303,0.339893084055,0.147915375167
0.865384615385,0.15353206875,0.333244502952,0.146816763637
0.866025641026,0.152836256513,0.326684006014,0.14574060448
0.866666666667,0.152156214626,0.320212371461,0.144686597679
0.867307692308,0.151491669706,0.31383026333,0.143654436319
0.867948717949,0.15084234665,0.307538235857,0.142643807587
0.86858974359,0.150207969268,0.301336737848,0.141654393683
0.869230769231,0.149588260858,0.295226117022,0.140685872674
0.869871794872,0.14898294472,0.289206624323,0.139737919268
0.870512820513,0.14839174461,0.283278418186,0.138810205519
0.871153846154,0.147814385133,0.277441568766,0.137902401464
0.871794871795,0.147250592079,0.271696062123,0.137014175694
0.872435897436,0.146700092692,0.26604180438,0.136145195858
0.873076923077,0.146162615886,0.260478625853,0.135295129109
0.873717948718,0.145637892394,0.255006285189,0.134463642484
0.874358974359,0.145125654858,0.249624473505,0.133650403234
0.875,0.144625637861,0.244332818588,0.132855079098
0.875,0.144625637861,0.244332818588,0.132855079098
0.875641025641,0.144137579539,0.239130882919,0.13207733959
0.876282051282,0.14366122767,0.234018176527,0.131316862299
0.876923076923,0.143196327553,0.228994154475,0.130573321549
0.877564102564,0.142742628127,0.224058221696,0.12984639432
0.878205128205,0.14229988206,0.21920973622,0.129135760471
0.878846153846,0.141867845834,0.2144480123,0.128441102951
0.879487179487,0.141446279806,0.209772323437,0.127762107977
0.880128205128,0.141034948263,0.205181905297,0.12709846521
0.880769230769,0.140633619466,0.200675958531,0.126449867903
0.88141025641,0.140242065685,0.196253651483,0.125816013039
0.882051282051,0.139860063222,0.191914122796,0.125196601449
0.882692307692,0.139487392426,0.18765648391,0.124591337921
0.883333333333,0.139123837708,0.183479821459,0.123999931293
0.883974358974,0.138769187537,0.179383199567,0.123422094535
0.884615384615,0.138423234439,0.175365662035,0.122857544818
0.885256410256,0.138085774984,0.171426234442,0.122306003572
0.885897435897,0.137756609778,0.167563926136,0.121767196536
0.886538461538,0.137435543433,0.16377773214,0.121240853798
0.887179487179,0.137122384554,0.160066634965,0.120726709823
0.887820512821,0.136816945699,0.156429606331,0.120224503479
0.888461538462,0.136519043358,0.152865608807,0.119733978048
0.889102564103,0.136228497909,0.149373597363,0.119254881235
0.889743589744,0.135945133583,0.145952520845,0.118786965166
0.890384615385,0.135668778418,0.142601323375,0.118329986385
0.891025641026,0.135399264216,0.139318945668,0.117883705839
0.891666666667,0.135136426495,0.136104326288,0.11744788886
0.892307692308,0.134880104429,0.132956402824,0.117022305139
0.892948717949,0.134630140799,0.129874113006,0.116606728698
0.89358974359,0.134386381929,0.12685639575,0.116200937852
0.894230769231,0.134148677624,0.123902192145,0.115804715164
0.894871794872,0.133916881098,0.121010446368,0.115417847402
0.895512820513,0.133690848904,0.11818010655,0.115040125481
0.896153846154,0.133470440855,0.115410125572,0.114671344404
0.896794871795,0.133255519938,0.1126994618,0.114311303191
0.897435897436,0.133045952227,0.110047079769,0.11395980481
0.898076923077,0.132841606785,0.1074519508,0.113616656087
0.898717948718,0.13264235556,0.10491305355,0.113281667621
0.899358974359,0.132448073271,0.102429374513,0.112954653683
0.9,0.132258637292,0.0999999084438,0.112635432106
0.9,0.132258637292,0.0999999084438,0.112635432106
0.900641025641,0.132073940886,0.0976236609822,0.112323835591
0.901282051282,0.131893855378,0.0952996462036,0.112019679449
0.901923076923,0.131718268814,0.0930268874903,0.111722794502
0.902564102564,0.131547071512,0.0908044185551,0.111433014799
0.903205128205,0.131380156122,0.0886312837423,0.111150177654
0.903846153846,0.131217417667,0.0865065383084,0.110874123664
0.904487179487,0.131058753548,0.0844292486789,0.110604696712
0.905128205128,0.130904063545,0.0823984926808,0.110341743945
0.905769230769,0.130753249794,0.0804133597516,0.110085115752
0.90641025641,0.130606216762,0.0784729511231,0.109834665724
0.907051282051,0.130462871202,0.076576379982,0.109590250608
0.907692307692,0.130323122116,0.074722771608,0.109351730255
0.908333333333,0.130186880701,0.0729112634896,0.109118967572
0.908974358974,0.130054060302,0.0711410054202,0.108891828459
0.909615384615,0.129924576364,0.0694111595753,0.108670181755
0.910256410256,0.12979834638,0.0677209005721,0.108453899184
0.910897435897,0.129675289848,0.0660694155138,0.108242855299
0.911538461538,0.129555328222,0.0644559040183,0.108036927427
0.912179487179,0.129438384875,0.0628795782354,0.107835995624
0.912820512821,0.129324385061,0.0613396628501,0.107639942621
0.913461538462,0.129213255876,0.0598353950764,0.10744865378
0.914102564103,0.129104926225,0.0583660246401,0.107262017051
0.914743589744,0.128999326791,0.0569308137518,0.107079922924
0.915384615385,0.128896390002,0.0555290370705,0.106902264387
0.916025641026,0.128796049992,0.0541599816573,0.10672893688
0.916666666667,0.128698242563,0.0528229469198,0.106559838243
0.917307692308,0.128602905144,0.0515172445448,0.106394868666
0.917948717949,0.12850997673,0.0502421984198,0.106233930622
0.91858974359,0.12841939782,0.0489971445411,0.106076928802
0.919230769231,0.128331110337,0.0477814309068,0.105923770029
0.919871794872,0.128245057526,0.0465944173926,0.105774363158
0.920512820513,0.128161183837,0.0454354756084,0.105628618967
0.921153846154,0.128079434773,0.0443039887307,0.105486450012
0.921794871795,0.127999756716,0.0431993513108,0.105347770471
0.922435897436,0.127922096711,0.0421209690516,0.105212495948
0.923076923077,0.127846402212,0.0410682585516,0.105080543252
0.923717948718,0.127772620782,0.0400406470098,0.104951830134
0.924358974359,0.127700699742,0.039037571887,0.10482627498
0.925,0.127630585759,0.0380584805193,0.104703796465
0.925,0.127630585759,0.0380584805193,0.104703796465
0.925641025641,0.127562367051,0.0371028449522,0.104584430127
0.926282051282,0.127495843502,0.0361701372596,0.10446797589
0.926923076923,0.127430989411,0.035259836731,0.104354377438
0.927564102564,0.127367774501,0.0343714335046,0.10424357547
0.928205128205,0.127306165389,0.0335044284276,0.104135508889
0.928846153846,0.127246126742,0.0326583328892,0.10403011573
0.929487179487,0.127187622157,0.0318326686292,0.103927333862
0.930128205128,0.12713061482,0.0310269675207,0.103827101518
0.930769230769,0.127075067969,0.0302407713335,0.103729357658
0.93141025641,0.127020945218,0.0294736314817,0.103634042224
0.932051282051,0.126968210761,0.0287251087639,0.10354109629
0.932692307692,0.12691682949,0.0279947731007,0.103450462152
0.933333333333,0.126866767056,0.0272822032782,0.103362083363
0.933974358974,0.126817989891,0.0265869867038,0.10327590474
0.934615384615,0.126770465213,0.0259087191796,0.103191872351
0.935256410256,0.126724161022,0.0252470047005,0.103109933509
0.935897435897,0.126679046112,0.024601455279,0.10303003676
0.936538461538,0.126635090092,0.0239716908015,0.10295213189
0.937179487179,0.126592263422,0.0233573389152,0.102876169944
0.937820512821,0.126550537479,0.0227580349465,0.102802103261
0.938461538462,0.126509884622,0.0221734218478,0.102729885518
0.939102564103,0.126470278275,0.0216031501667,0.102659471784
0.939743589744,0.126431693001,0.0210468780324,0.102590818567
0.940384615385,0.126394104555,0.0205042711484,0.102523883846
0.941025641026,0.126357489902,0.0199750027797,0.102458627071
0.941666666667,0.12632182717,0.0194587537204,0.102395009119
0.942307692308,0.126287095519,0.0189552122249,0.102332992171
0.942948717949,0.126253274887,0.0184640738803,0.102272539505
0.94358974359,0.126220345592,0.0179850414015,0.102213615155
0.944230769231,0.126188287742,0.017517824319,0.10215618343
0.944871794872,0.126157080407,0.0170621385346,0.102100208238
0.945512820513,0.126126700534,0.0166177057116,0.102045652194
0.946153846154,0.126097121517,0.0161842524665,0.101992475463
0.946794871795,0.126068311408,0.015761509325,0.1019406343
0.947435897436,0.126040230684,0.0153492094021,0.101890079243
0.948076923077,0.126012829529,0.0149470867638,0.101840752905
0.948717948718,0.125986044552,0.0145548744247,0.101792587318
0.949358974359,0.125959794893,0.0141723019324,0.101745500775
0.95,0.125933977618,0.0137990924876,0.101699394104
0.95,0.125933977618,0.0137990924876,0.101699394104
0.950641025641,0.125910464022,0.0134351755594,0.101655762473
0.951282051282,0.125886971566,0.0130803095772,0.101612747616
0.951923076923,0.125863748942,0.0127342361863,0.10157053535
0.952564102564,0.125840960656,0.0123967062762,0.101529243825
0.953205128205,0.12581870906,0.012067482051,0.101488941305
0.953846153846,0.125797051754,0.0117463379396,0.101449660206
0.954487179487,0.125776015047,0.0114330605545,0.101411407963
0.955128205128,0.125755604112,0.011127447902,0.101374175231
0.955769230769,0.125735810444,0.010829308043,0.101337941901
0.95641025641,0.125716617122,0.0105384573905,0.101302681354
0.957051282051,0.125698002381,0.0102547188193,0.101268363346
0.957692307692,0.125679941916,0.00997791974614,0.10123495586
0.958333333333,0.125662410278,0.00970789032183,0.101202426234
0.958974358974,0.125645381696,0.00944446185658,0.10117074182
0.959615384615,0.125628830584,0.00918746557811,0.10113987038
0.960256410256,0.125612731949,0.00893673179847,0.10110978041
0.960897435897,0.125597061855,0.00869208954061,0.101080441502
0.961538461538,0.125581798051,0.00845336664951,0.101051824833
0.962179487179,0.125566920817,0.00822039038514,0.101023903835
0.962820512821,0.125552414024,0.00799298846584,0.100996655033
0.963461538462,0.125538266351,0.00777099050144,0.100970059013
0.964102564103,0.125524472555,0.00755422972492,0.100944101428
0.964743589744,0.125511034629,0.00734254490037,0.100918773926
0.965384615385,0.125497962638,0.00713578225354,0.100894074806
0.966025641026,0.125485274952,0.00693379723855,0.100870009207
0.966666666667,0.125472997567,0.00673645592197,0.100846588555
0.967307692308,0.125461162134,0.00654363573185,0.100823828979
0.967948717949,0.125449802254,0.00635522528595,0.10080174834
0.96858974359,0.125438947582,0.00617112297928,0.100780361493
0.969230769231,0.125428615176,0.0059912339769,0.100759673342
0.969871794872,0.12541879752,0.00581546522401,0.100739669229
0.970512820513,0.125409446568,0.00564371805043,0.10072030212
0.971153846154,0.125400453119,0.00547587791241,0.100701476045
0.971794871795,0.12539162076,0.00531180077963,0.100683025172
0.972435897436,0.125382633593,0.00515129563887,0.10066468789
0.973076923077,0.125373016868,0.00499410254787,0.100646075191
0.973717948718,0.125362089621,0.00483986563005,0.100626632623
0.974358974359,0.12534890836,0.00468810035052,0.100605595051
0.975,0.125332200759,0.00453815435176,0.100581933391
0.975,0.125332200759,0.00453815435176,0.100581933391
0.975641025641,0.125341329866,0.00439252377672,0.100579202441
0.976282051282,0.125340611143,0.00425082490308,0.100568759719
0.976923076923,0.125334279646,0.0041124437619,0.100553997469
0.977564102564,0.125325219766,0.00397682371342,0.100537223439
0.978205128205,0.125315314763,0.00384350842388,0.100519941544
0.978846153846,0.125305723272,0.00371216276567,0.100503073924
0.979487179487,0.125297093709,0.00358257599526,0.100487133154
0.980128205128,0.125289726623,0.00345465131866,0.100472352645
0.980769230769,0.125283694219,0.00332838567544,0.10045878267
0.98141025641,0.125278925441,0.00320384325572,0.100446358715
0.982051282051,0.125275264133,0.00308112591612,0.100434948202
0.982692307692,0.125272507007,0.00296034328746,0.100424380985
0.983333333333,0.125270427254,0.00284158497547,0.100414468294
0.983974358974,0.125268788818,0.00272489685065,0.100405014165
0.984615384615,0.125267355527,0.00261026300804,0.100395822726
0.985256410256,0.125265898401,0.00249759455259,0.100386703988
0.985897435897,0.125264203635,0.00238672593356,0.100377480182
0.986538461538,0.125262082921,0.0022774191114,0.100367993953
0.987179487179,0.125259386925,0.00216937539538,0.100358119073
0.987820512821,0.125256021871,0.00206225433916,0.100347773673
0.988461538462,0.125251968403,0.00195569862541,0.10033693528
0.989102564103,0.125247300983,0.00184936340933,0.100325656329
0.989743589744,0.125242205301,0.00174294812254,0.100314078076
0.990384615385,0.125236990292,0.001636228261,0.100302440235
0.991025641026,0.125232090554,0.00152908419262,0.100291082935
0.991666666667,0.125228054064,0.00142152351943,0.100280436944
0.992307692308,0.125225509325,0.00131369301763,0.100270997426
0.992948717949,0.125225105147,0.00120587566126,0.10026327583
0.99358974359,0.125227415513,0.00109846771981,0.100257723818
0.994230769231,0.12523280107,0.000991930416999,0.10025462249
0.994871794872,0.125241217984,0.00088671015801,0.100253929473
0.995512820513,0.125251964047,0.000783120872328,0.100255075756
0.996153846154,0.125263351078,0.000681181554355,0.100256703528
0.996794871795,0.125272291828,0.000580401537039,0.100256335521
0.997435897436,0.12527378875,0.000479505245109,0.100249965779
0.998076923077,0.125260311163,0.000376086847153,0.100231561014
0.998717948718,0.125221046491,0.000266182852877,0.100192461099
0.999358974359,0.125141010424,0.000143746457108,0.100120666527
1,0.125,0,0.1
