elem,k,coef
0,0,1.414213562
0,1,-4.971634215e-12
0,2,-1.679542298e-12
0,3,-4.2705911e-13
0,4,1.722554443e-13
0,5,-2.782360172e-14
0,6,1.203096168e-13
0,7,-6.683013207e-14
0,8,3.307074379e-14
1,0,1.414213562
1,1,-5.763445277e-11
1,2,-1.656636988e-11
1,3,-3.619493287e-12
1,4,-2.203149854e-12
1,5,-1.009927102e-12
1,6,-8.745831416e-14
1,7,5.233245497e-14
1,8,3.053111297e-14
2,0,1.414213561
2,1,-7.304323257e-10
2,2,-2.35938451e-10
2,3,-4.507676248e-11
2,4,7.163536101e-12
2,5,5.953321725e-12
2,6,2.103766778e-13
2,7,-5.430014008e-13
2,8,-1.732022954e-13
3,0,1.414213549
3,1,-8.673323781e-09
3,2,-2.585740034e-09
3,3,-5.452338962e-10
3,4,-1.82417907e-10
3,5,-5.887336918e-11
3,6,-3.95162496e-12
3,7,3.462600173e-12
3,8,1.134991547e-12
4,0,1.414213399
4,1,-1.073994126e-07
4,2,-3.401706421e-08
4,3,-7.301111278e-09
4,4,-5.763520967e-10
4,5,2.181006402e-10
4,6,3.40268697e-11
4,7,-1.411594059e-11
4,8,-7.488443651e-12
5,0,1.414211581
5,1,-1.298311537e-06
5,2,-3.960827817e-07
5,3,-7.662043458e-08
5,4,-1.276469996e-08
5,5,-3.124409853e-09
5,6,-6.539419125e-10
5,7,2.066142457e-13
5,8,3.233143061e-11
6,0,1.41418943
6,1,-1.581614738e-05
6,2,-4.885233958e-06
6,3,-1.041003603e-06
6,4,-1.717645489e-07
6,5,-1.600118238e-08
6,6,6.897626367e-10
6,7,5.554103843e-10
6,8,-7.850738582e-11
7,0,1.413921237
7,1,-0.0001909826405
7,2,-5.866784304e-05
7,3,-1.19154622e-05
7,4,-1.668726893e-06
7,5,-1.481015642e-07
7,6,-1.598070428e-08
7,7,-4.746596086e-10
7,8,-8.316987473e-10
8,0,1.41094315
8,1,-0.002022277935
8,2,-0.0005511396047
8,3,-8.669413435e-05
8,4,-6.886138754e-06
8,5,6.603599732e-08
8,6,7.206922138e-08
8,7,9.799252778e-09
8,8,1.344759559e-09
9,0,1.390827491
9,1,-0.01069196765
9,2,-0.001547909647
9,3,-9.38027341e-06
9,4,1.638866517e-05
9,5,-1.092702512e-08
9,6,-2.474138453e-07
9,7,-2.895589406e-08
9,8,9.285458051e-09
10,0,1.33546834
10,1,-0.02048649654
10,2,-0.0008393182455
10,3,7.478793308e-05
10,4,-2.767675819e-06
10,5,-3.597923922e-07
10,6,7.88004206e-08
10,7,-6.838216727e-09
10,8,5.8689336e-09
11,0,1.256763305
11,1,-0.02433195979
11,2,-0.0002339993161
11,3,3.089148216e-05
11,4,-1.893611903e-06
11,5,9.786946918e-08
11,6,5.816526904e-09
11,7,-5.124148984e-09
11,8,2.097363798e-09
12,0,1.170728905
12,1,-0.02509833977
12,2,2.822794307e-06
12,3,1.216698098e-05
12,4,-7.383937221e-07
12,5,4.379334752e-08
12,6,-2.776481468e-09
12,7,-1.10831701e-09
12,8,1.4413562e-10
13,0,1.084391404
13,1,-0.02464696038
13,2,0.0001020789819
13,3,5.681041951e-06
13,4,-2.313326984e-07
13,5,1.272618759e-09
13,6,2.675266731e-09
13,7,6.759220584e-10
13,8,-2.05802964e-10
14,0,1.000651762
14,1,-0.02365100827
14,2,0.0001500690428
14,3,2.771458225e-06
14,4,-1.463700579e-07
14,5,2.241912939e-08
14,6,-1.368797462e-09
14,7,1.061296217e-12
14,8,2.80644487e-10
15,0,0.9208758683
15,1,-0.02238077877
15,2,0.0001760263165
15,3,1.746734798e-06
15,4,9.22266623e-09
15,5,-9.806384018e-09
15,6,-4.044911352e-09
15,7,6.357570423e-10
15,8,-1.303397004e-10
16,0,0.8458058331
16,1,-0.02094109555
16,2,0.0001955687468
16,3,1.865936491e-06
16,4,4.454060583e-08
16,5,-1.497817131e-08
16,6,1.893866052e-09
16,7,-4.510997503e-10
16,8,-3.684852263e-10
17,0,0.7760117474
17,1,-0.01932459257
17,2,0.0002251534888
17,3,3.660585165e-06
17,4,1.399998397e-07
17,5,3.370846487e-09
17,6,3.39905159e-09
17,7,-1.046104801e-09
17,8,-2.959716717e-10
18,0,0.7123738505
18,1,-0.01734192033
18,2,0.0002991109214
18,3,1.043937477e-05
18,4,7.03989807e-07
18,5,3.91348539e-08
18,6,4.568194437e-09
18,7,-1.458721687e-09
18,8,-3.348197972e-10
19,0,0.6572890421
19,1,-0.01417616865
19,2,0.0005835625603
19,3,4.687882848e-05
19,4,4.080903421e-06
19,5,1.661889176e-07
19,6,5.09339062e-09
19,7,-5.929586076e-09
19,8,-2.002359891e-09
20,0,0.6196421537
20,1,-0.006797989158
20,2,0.001253035003
20,3,-5.154967556e-06
20,4,-1.926289632e-05
20,5,-8.527620062e-07
20,6,-5.138106987e-08
20,7,2.202607653e-08
20,8,-3.694476242e-10
21,0,0.6084318448
21,1,-0.0008099184963
21,2,0.0002921144871
21,3,-2.74887415e-05
21,4,8.755016848e-06
21,5,-3.080923269e-06
21,6,-5.596808762e-07
21,7,-4.237186752e-08
21,8,-1.253752182e-09
22,0,0.6066014981
22,1,-0.0001494237959
22,2,0.0002555188503
22,3,-0.0002398850512
22,4,-0.0001538782846
22,5,-4.99654967e-06
22,6,6.12064636e-07
22,7,4.652432298e-08
22,8,9.454991533e-09
23,0,0.6027677599
23,1,2.767429062e-05
23,2,0.0004571110285
23,3,-0.001388209625
23,4,-0.0005107091959
23,5,3.257752941e-05
23,6,8.115391232e-06
23,7,-6.593878208e-08
23,8,-1.374988655e-07
24,0,0.5956630006
24,1,0.00028998591
24,2,-0.0005821545634
24,3,-0.002418285868
24,4,-0.0003641160531
24,5,0.0001289346968
24,6,7.267199361e-06
24,7,-1.536639114e-06
24,8,-6.904849909e-09
25,0,0.5807319995
25,1,-0.003730024862
25,2,-0.002307454623
25,3,-0.0027277353
25,4,-0.0002160272983
25,5,0.0002487788269
25,6,8.763757876e-06
25,7,-2.894493624e-06
25,8,3.289948809e-07
26,0,0.5404909954
26,1,-0.01502033262
26,2,-0.004115512031
26,3,-0.002452882743
26,4,-0.000191998459
26,5,0.0003535535533
26,6,1.192305642e-05
26,7,-1.21329341e-06
26,8,1.029961978e-07
27,0,0.4510071728
27,1,-0.02825829408
27,2,0.0002249634873
27,3,-0.0002930308005
27,4,-0.0004594028944
27,5,0.0001045648935
27,6,-8.078134443e-06
27,7,1.353226762e-05
27,8,-1.379768374e-06
28,0,0.3931109542
28,1,0.0006998985291
28,2,0.002513744255
28,3,-0.001124948692
28,4,8.882060981e-05
28,5,-8.614012917e-05
28,6,-7.452925911e-05
28,7,-5.224842082e-06
28,8,-5.650384595e-06
29,0,0.3834135104
29,1,-0.003864617009
29,2,0.002440247329
29,3,-0.0006646582496
29,4,-6.231216499e-05
29,5,0.0002368703944
29,6,5.856342947e-05
29,7,-3.816280843e-05
29,8,-1.756331201e-05
30,0,0.3778798417
30,1,-0.002493574269
30,2,0.002102397196
30,3,0.0008607631042
30,4,-0.001379528324
30,5,-0.000177138322
30,6,-7.234324385e-06
30,7,-2.618138928e-05
30,8,-3.380121485e-05
31,0,0.3770002464
31,1,-0.002087730138
31,2,-0.0009260946755
31,3,0.002639339356
31,4,0.001164366758
31,5,-0.0001142040012
31,6,-1.333383892e-05
31,7,-0.0001137586079
31,8,-6.802151082e-05
32,0,0.3772167246
32,1,-0.001487632408
32,2,-0.002451438296
32,3,-0.001199353936
32,4,0.001482369689
32,5,0.001411079172
32,6,0.0009550465612
32,7,-4.919368251e-05
32,8,-5.92877049e-05
33,0,0.3658100996
33,1,-0.01501868609
33,2,-0.02051195826
33,3,-0.02504254822
33,4,-0.0220817103
33,5,-0.009458587699
33,6,-0.0002812256896
33,7,-0.001685457549
33,8,-0.001147620867
34,0,0.1727545029
34,1,0.007390274789
34,2,-0.00731436319
34,3,0.009301986519
34,4,-0.00391642375
34,5,0.0005072461304
34,6,0.001006403668
34,7,-0.001242377829
34,8,0.0009188546604
35,0,0.1766249563
35,1,-2.603311234e-05
35,2,0.0004948820559
35,3,-0.000762885864
35,4,0.0009689569771
35,5,-0.0005131797685
35,6,0.0002683184329
35,7,-0.0001483922593
35,8,9.764694174e-05
36,0,0.1767901923
36,1,-2.443516386e-05
36,2,3.917509219e-05
36,3,-4.943857527e-05
36,4,7.646838428e-05
36,5,-5.217723718e-05
36,6,2.898089446e-05
36,7,-1.598668929e-05
36,8,1.174792452e-05
37,0,0.1767780369
37,1,-2.415665467e-06
37,2,3.62311694e-06
37,3,-4.00833963e-06
37,4,4.972015366e-06
37,5,-4.616096935e-06
37,6,2.568159471e-06
37,7,-1.498608776e-06
37,8,1.410305999e-06
38,0,0.1767767432
38,1,-2.47856583e-08
38,2,1.196789277e-07
38,3,-5.572241955e-08
38,4,2.505849191e-08
38,5,-4.54161869e-07
38,6,1.695429643e-07
38,7,-7.495999309e-08
38,8,1.313654365e-07
39,0,0.1767766729
39,1,3.750268968e-08
39,2,-5.424466124e-08
39,3,5.418176063e-08
39,4,-1.553330399e-08
39,5,-4.460455035e-09
39,6,-5.267338494e-09
39,7,7.272997851e-09
39,8,-3.002479287e-09
