id,estado,motivo,raiz,matriz.P,matriz.caso,matriz.difusion,matriz.mu,matriz.sesion,matriz.stab,corrida.caso,corrida.fecha,corrida.host,corrida.id,corrida.maquina,corrida.procesos,corrida.solver,errores.L2_E,errores.L2_rho,errores.L2_rhou,errores.L2_rhov,errores.Linf_E,errores.Linf_rho,errores.Linf_rhou,errores.Linf_rhov,costo.horas_nucleo,costo.procesos,costo.segundos_solver,costo.segundos_total,costo.taubench_s,caso
V2axial_dg_P1,pendiente,,,1,V2axial,PENDIENTE,PENDIENTE,SquareDomain_Euler_2D_AxialFlow,dg,,,,,,,,,,,,,,,,,,,,,verificacion
V2axial_dg_P2,pendiente,,,2,V2axial,PENDIENTE,PENDIENTE,SquareDomain_Euler_2D_AxialFlow,dg,,,,,,,,,,,,,,,,,,,,,verificacion
V2axial_dg_P3,pendiente,,,3,V2axial,PENDIENTE,PENDIENTE,SquareDomain_Euler_2D_AxialFlow,dg,,,,,,,,,,,,,,,,,,,,,verificacion
V2axial_dg_P4,pendiente,,,4,V2axial,PENDIENTE,PENDIENTE,SquareDomain_Euler_2D_AxialFlow,dg,,,,,,,,,,,,,,,,,,,,,verificacion
V2diagonal_dg_P1,pendiente,,,1,V2diagonal,PENDIENTE,PENDIENTE,SquareDomain_Euler_2D_DiagonalFlow,dg,,,,,,,,,,,,,,,,,,,,,verificacion
V2diagonal_dg_P2,pendiente,,,2,V2diagonal,PENDIENTE,PENDIENTE,SquareDomain_Euler_2D_DiagonalFlow,dg,,,,,,,,,,,,,,,,,,,,,verificacion
V2diagonal_dg_P3,pendiente,,,3,V2diagonal,PENDIENTE,PENDIENTE,SquareDomain_Euler_2D_DiagonalFlow,dg,,,,,,,,,,,,,,,,,,,,,verificacion
V2diagonal_dg_P4,pendiente,,,4,V2diagonal,PENDIENTE,PENDIENTE,SquareDomain_Euler_2D_DiagonalFlow,dg,,,,,,,,,,,,,,,,,,,,,verificacion
V3_dg_P1,ok,,/home/valne/runs,1,V3,-,-,Couette_WeakDG_LDG_SEM,dg,verificacion,2026-09-15 12:44:11,nemepad,V3_dg_P1,nemepad,1,nektar,4981.93,0.0915334,73.8749,0.123451,4296.83,0.069816,83.6682,0.153546,1.287990833e-05,1,0.04636767,0.04636767,,verificacion
V3_dg_P2,ok,,/home/valne/runs,2,V3,-,-,Couette_WeakDG_LDG_SEM,dg,verificacion,2026-09-15 12:44:13,nemepad,V3_dg_P2,nemepad,1,nektar,4903.95,0.0889264,62.0963,0.175956,4333.92,0.0760421,56.0835,0.265899,1.537433333e-05,1,0.0553476,0.0553476,,verificacion
V3_dg_P3,ok,,/home/valne/runs,3,V3,-,-,Couette_WeakDG_LDG_SEM,dg,verificacion,2026-09-15 12:44:14,nemepad,V3_dg_P3,nemepad,1,nektar,4839.42,0.0881159,59.9406,0.161411,4530.26,0.074143,61.4222,0.224572,1.946718056e-05,1,0.07008185,0.07008185,,verificacion
V3_dg_P4,ok,,/home/valne/runs,4,V3,-,-,Couette_WeakDG_LDG_SEM,dg,verificacion,2026-09-15 12:44:16,nemepad,V3_dg_P4,nemepad,1,nektar,4852.98,0.0879262,60.3734,0.148205,4329.65,0.0721736,64.8397,0.216555,2.275966944e-05,1,0.08193481,0.08193481,,verificacion
V4_dg_P1,ok,,/home/valne/runs,1,V4,-,-,MMS_Compressible_Poiseuille_testIP,dg,verificacion,2026-09-15 12:44:17,nemepad,V4_dg_P1,nemepad,1,nektar,6.64416,3.98725e-05,0.0192382,0.00493443,14.7321,0.00012065,0.0423612,0.0158071,0.0001168316222,1,0.42059384,0.42059384,,verificacion
V4_dg_P2,ok,,/home/valne/runs,2,V4,-,-,MMS_Compressible_Poiseuille_testIP,dg,verificacion,2026-09-15 12:44:20,nemepad,V4_dg_P2,nemepad,1,nektar,0.580575,1.87657e-06,0.000154271,0.000389585,1.36531,4.32354e-06,0.00047983,0.00128929,0.0002081120472,1,0.74920337,0.74920337,,verificacion
V4_dg_P3,ok,,/home/valne/runs,3,V4,-,-,MMS_Compressible_Poiseuille_testIP,dg,verificacion,2026-09-15 12:44:22,nemepad,V4_dg_P3,nemepad,1,nektar,0.0170863,7.1359e-08,4.97264e-06,8.44514e-06,0.0292048,1.47746e-07,1.52634e-05,2.98813e-05,0.001033673567,1,3.72122484,3.72122484,,verificacion
V4_dg_P4,ok,,/home/valne/runs,4,V4,-,-,MMS_Compressible_Poiseuille_testIP,dg,verificacion,2026-09-15 12:44:29,nemepad,V4_dg_P4,nemepad,1,nektar,0.000132373,6.23131e-10,3.76612e-08,5.80603e-08,0.000295927,1.15932e-09,1.06874e-07,1.75916e-07,0.005335889583,1,19.2092025,19.2092025,,verificacion
